t	theta	dx	dy
0.067	0.456	0.008333333333333333	0.008726646250000001
0.1	0.415	0.008333333333333333	0.008726646250000001
0.133	0.337	0.008333333333333333	0.008726646250000001
0.167	0.235	0.008333333333333333	0.008726646250000001
0.2	0.146	0.008333333333333333	0.008726646250000001
0.234	0.03307	0.008333333333333333	0.008726646250000001
0.267	-0.07272	0.008333333333333333	0.008726646250000001
0.3	-0.192	0.008333333333333333	0.008726646250000001
0.334	-0.291	0.008333333333333333	0.008726646250000001
0.367	-0.38	0.008333333333333333	0.008726646250000001
0.4	-0.442	0.008333333333333333	0.008726646250000001
0.434	-0.489	0.008333333333333333	0.008726646250000001
0.467	-0.517	0.008333333333333333	0.008726646250000001
0.5	-0.52	0.008333333333333333	0.008726646250000001
0.534	-0.51	0.008333333333333333	0.008726646250000001
0.567	-0.461	0.008333333333333333	0.008726646250000001
0.601	-0.406	0.008333333333333333	0.008726646250000001
0.634	-0.331	0.008333333333333333	0.008726646250000001
0.667	-0.232	0.008333333333333333	0.008726646250000001
0.701	-0.132	0.008333333333333333	0.008726646250000001
0.734	-0.02125	0.008333333333333333	0.008726646250000001
0.767	0.08399	0.008333333333333333	0.008726646250000001
0.801	0.195	0.008333333333333333	0.008726646250000001
0.834	0.284	0.008333333333333333	0.008726646250000001
0.868	0.363	0.008333333333333333	0.008726646250000001
0.901	0.423	0.008333333333333333	0.008726646250000001
0.934	0.47	0.008333333333333333	0.008726646250000001
0.968	0.491	0.008333333333333333	0.008726646250000001
1.001	0.486	0.008333333333333333	0.008726646250000001
1.034	0.456	0.008333333333333333	0.008726646250000001
1.068	0.407	0.008333333333333333	0.008726646250000001
1.101	0.349	0.008333333333333333	0.008726646250000001
1.134	0.265	0.008333333333333333	0.008726646250000001
1.168	0.166	0.008333333333333333	0.008726646250000001
1.201	0.07913	0.008333333333333333	0.008726646250000001
1.235	-0.007218	0.008333333333333333	0.008726646250000001
1.268	-0.135	0.008333333333333333	0.008726646250000001
1.301	-0.257	0.008333333333333333	0.008726646250000001
1.335	-0.322	0.008333333333333333	0.008726646250000001
1.368	-0.395	0.008333333333333333	0.008726646250000001
1.401	-0.452	0.008333333333333333	0.008726646250000001
1.435	-0.508	0.008333333333333333	0.008726646250000001
1.468	-0.522	0.008333333333333333	0.008726646250000001
1.502	-0.507	0.008333333333333333	0.008726646250000001
1.535	-0.451	0.008333333333333333	0.008726646250000001
1.568	-0.394	0.008333333333333333	0.008726646250000001
1.602	-0.343	0.008333333333333333	0.008726646250000001
1.635	-0.255	0.008333333333333333	0.008726646250000001
1.668	-0.143	0.008333333333333333	0.008726646250000001
1.702	-0.04583	0.008333333333333333	0.008726646250000001
1.735	0.06234	0.008333333333333333	0.008726646250000001
1.768	0.174	0.008333333333333333	0.008726646250000001
1.802	0.294	0.008333333333333333	0.008726646250000001
1.835	0.353	0.008333333333333333	0.008726646250000001
1.869	0.416	0.008333333333333333	0.008726646250000001
1.902	0.461	0.008333333333333333	0.008726646250000001
1.935	0.482	0.008333333333333333	0.008726646250000001
1.969	0.486	0.008333333333333333	0.008726646250000001
2.002	0.466	0.008333333333333333	0.008726646250000001
2.035	0.428	0.008333333333333333	0.008726646250000001
2.069	0.372	0.008333333333333333	0.008726646250000001
2.102	0.306	0.008333333333333333	0.008726646250000001
2.135	0.226	0.008333333333333333	0.008726646250000001
2.169	0.0921	0.008333333333333333	0.008726646250000001
2.202	-0.01957	0.008333333333333333	0.008726646250000001
2.236	-0.122	0.008333333333333333	0.008726646250000001
2.269	-0.198	0.008333333333333333	0.008726646250000001
2.302	-0.285	0.008333333333333333	0.008726646250000001
2.336	-0.362	0.008333333333333333	0.008726646250000001
2.369	-0.419	0.008333333333333333	0.008726646250000001
2.402	-0.462	0.008333333333333333	0.008726646250000001
2.436	-0.479	0.008333333333333333	0.008726646250000001
2.469	-0.472	0.008333333333333333	0.008726646250000001
2.502	-0.443	0.008333333333333333	0.008726646250000001
2.536	-0.394	0.008333333333333333	0.008726646250000001
2.569	-0.33	0.008333333333333333	0.008726646250000001
2.603	-0.26	0.008333333333333333	0.008726646250000001
2.636	-0.164	0.008333333333333333	0.008726646250000001
2.669	-0.06956	0.008333333333333333	0.008726646250000001
2.703	0.04024	0.008333333333333333	0.008726646250000001
2.736	0.18	0.008333333333333333	0.008726646250000001
2.769	0.285	0.008333333333333333	0.008726646250000001
2.803	0.33	0.008333333333333333	0.008726646250000001
2.836	0.399	0.008333333333333333	0.008726646250000001
2.87	0.45	0.008333333333333333	0.008726646250000001
2.903	0.477	0.008333333333333333	0.008726646250000001
2.936	0.482	0.008333333333333333	0.008726646250000001
2.97	0.47	0.008333333333333333	0.008726646250000001
3.003	0.437	0.008333333333333333	0.008726646250000001
3.036	0.378	0.008333333333333333	0.008726646250000001
3.07	0.317	0.008333333333333333	0.008726646250000001
3.103	0.227	0.008333333333333333	0.008726646250000001
3.136	0.112	0.008333333333333333	0.008726646250000001
3.17	0.004182	0.008333333333333333	0.008726646250000001
3.203	-0.101	0.008333333333333333	0.008726646250000001
3.237	-0.173	0.008333333333333333	0.008726646250000001
3.27	-0.274	0.008333333333333333	0.008726646250000001
3.303	-0.345	0.008333333333333333	0.008726646250000001
3.337	-0.408	0.008333333333333333	0.008726646250000001
3.37	-0.451	0.008333333333333333	0.008726646250000001
3.403	-0.472	0.008333333333333333	0.008726646250000001
3.437	-0.474	0.008333333333333333	0.008726646250000001
3.47	-0.454	0.008333333333333333	0.008726646250000001
3.503	-0.405	0.008333333333333333	0.008726646250000001
3.537	-0.363	0.008333333333333333	0.008726646250000001
3.57	-0.283	0.008333333333333333	0.008726646250000001
3.604	-0.198	0.008333333333333333	0.008726646250000001
3.637	-0.09412	0.008333333333333333	0.008726646250000001
3.67	0.01569	0.008333333333333333	0.008726646250000001
3.704	0.123	0.008333333333333333	0.008726646250000001
3.737	0.239	0.008333333333333333	0.008726646250000001
3.77	0.325	0.008333333333333333	0.008726646250000001
3.804	0.374	0.008333333333333333	0.008726646250000001
3.837	0.436	0.008333333333333333	0.008726646250000001
3.871	0.47	0.008333333333333333	0.008726646250000001
3.904	0.485	0.008333333333333333	0.008726646250000001
3.937	0.472	0.008333333333333333	0.008726646250000001
3.971	0.437	0.008333333333333333	0.008726646250000001
4.004	0.382	0.008333333333333333	0.008726646250000001
4.037	0.318	0.008333333333333333	0.008726646250000001
4.071	0.229	0.008333333333333333	0.008726646250000001
4.104	0.128	0.008333333333333333	0.008726646250000001
4.137	0.02563	0.008333333333333333	0.008726646250000001
4.171	-0.06331	0.008333333333333333	0.008726646250000001
4.204	-0.178	0.008333333333333333	0.008726646250000001
4.238	-0.257	0.008333333333333333	0.008726646250000001
4.271	-0.341	0.008333333333333333	0.008726646250000001
4.304	-0.406	0.008333333333333333	0.008726646250000001
4.338	-0.452	0.008333333333333333	0.008726646250000001
4.371	-0.479	0.008333333333333333	0.008726646250000001
4.404	-0.484	0.008333333333333333	0.008726646250000001
4.438	-0.465	0.008333333333333333	0.008726646250000001
4.471	-0.427	0.008333333333333333	0.008726646250000001
4.505	-0.371	0.008333333333333333	0.008726646250000001
4.538	-0.297	0.008333333333333333	0.008726646250000001
4.571	-0.206	0.008333333333333333	0.008726646250000001
4.605	-0.106	0.008333333333333333	0.008726646250000001
4.638	-0.0162	0.008333333333333333	0.008726646250000001
4.671	0.08239	0.008333333333333333	0.008726646250000001
4.705	0.208	0.008333333333333333	0.008726646250000001
4.738	0.279	0.008333333333333333	0.008726646250000001
4.771	0.35	0.008333333333333333	0.008726646250000001
4.805	0.406	0.008333333333333333	0.008726646250000001
4.838	0.442	0.008333333333333333	0.008726646250000001
4.872	0.458	0.008333333333333333	0.008726646250000001
4.905	0.453	0.008333333333333333	0.008726646250000001
4.938	0.429	0.008333333333333333	0.008726646250000001
4.972	0.384	0.008333333333333333	0.008726646250000001
5.005	0.315	0.008333333333333333	0.008726646250000001
5.038	0.232	0.008333333333333333	0.008726646250000001
5.072	0.161	0.008333333333333333	0.008726646250000001
5.105	0.03326	0.008333333333333333	0.008726646250000001
5.138	-0.07179	0.008333333333333333	0.008726646250000001
5.172	-0.169	0.008333333333333333	0.008726646250000001
5.205	-0.243	0.008333333333333333	0.008726646250000001
5.239	-0.327	0.008333333333333333	0.008726646250000001
5.272	-0.393	0.008333333333333333	0.008726646250000001
5.305	-0.442	0.008333333333333333	0.008726646250000001
5.339	-0.472	0.008333333333333333	0.008726646250000001
5.372	-0.48	0.008333333333333333	0.008726646250000001
5.405	-0.467	0.008333333333333333	0.008726646250000001
5.439	-0.432	0.008333333333333333	0.008726646250000001
5.472	-0.377	0.008333333333333333	0.008726646250000001
5.505	-0.305	0.008333333333333333	0.008726646250000001
5.539	-0.236	0.008333333333333333	0.008726646250000001
5.572	-0.143	0.008333333333333333	0.008726646250000001
5.606	-0.04376	0.008333333333333333	0.008726646250000001
5.639	0.06017	0.008333333333333333	0.008726646250000001
5.672	0.164	0.008333333333333333	0.008726646250000001
5.706	0.26	0.008333333333333333	0.008726646250000001
5.739	0.334	0.008333333333333333	0.008726646250000001
5.772	0.394	0.008333333333333333	0.008726646250000001
5.806	0.433	0.008333333333333333	0.008726646250000001
5.839	0.454	0.008333333333333333	0.008726646250000001
5.873	0.454	0.008333333333333333	0.008726646250000001
5.906	0.432	0.008333333333333333	0.008726646250000001
5.939	0.39	0.008333333333333333	0.008726646250000001
5.973	0.327	0.008333333333333333	0.008726646250000001
6.006	0.263	0.008333333333333333	0.008726646250000001
6.039	0.183	0.008333333333333333	0.008726646250000001
6.073	0.0518	0.008333333333333333	0.008726646250000001
6.106	-0.06515	0.008333333333333333	0.008726646250000001
6.139	-0.126	0.008333333333333333	0.008726646250000001
6.173	-0.225	0.008333333333333333	0.008726646250000001
6.206	-0.308	0.008333333333333333	0.008726646250000001
6.24	-0.379	0.008333333333333333	0.008726646250000001
6.273	-0.433	0.008333333333333333	0.008726646250000001
6.306	-0.465	0.008333333333333333	0.008726646250000001
6.34	-0.478	0.008333333333333333	0.008726646250000001
6.373	-0.47	0.008333333333333333	0.008726646250000001
6.406	-0.44	0.008333333333333333	0.008726646250000001
6.44	-0.39	0.008333333333333333	0.008726646250000001
6.473	-0.322	0.008333333333333333	0.008726646250000001
6.506	-0.258	0.008333333333333333	0.008726646250000001
6.54	-0.164	0.008333333333333333	0.008726646250000001
6.573	-0.06713	0.008333333333333333	0.008726646250000001
6.607	0.03363	0.008333333333333333	0.008726646250000001
6.64	0.165	0.008333333333333333	0.008726646250000001
6.673	0.234	0.008333333333333333	0.008726646250000001
6.707	0.317	0.008333333333333333	0.008726646250000001
6.74	0.381	0.008333333333333333	0.008726646250000001
6.773	0.424	0.008333333333333333	0.008726646250000001
6.807	0.447	0.008333333333333333	0.008726646250000001
6.84	0.451	0.008333333333333333	0.008726646250000001
6.874	0.436	0.008333333333333333	0.008726646250000001
6.907	0.4	0.008333333333333333	0.008726646250000001
6.94	0.341	0.008333333333333333	0.008726646250000001
6.974	0.28	0.008333333333333333	0.008726646250000001
7.007	0.201	0.008333333333333333	0.008726646250000001
7.04	0.07255	0.008333333333333333	0.008726646250000001
7.074	-0.03867	0.008333333333333333	0.008726646250000001
7.107	-0.13	0.008333333333333333	0.008726646250000001
7.14	-0.205	0.008333333333333333	0.008726646250000001
7.174	-0.289	0.008333333333333333	0.008726646250000001
7.207	-0.364	0.008333333333333333	0.008726646250000001
7.241	-0.419	0.008333333333333333	0.008726646250000001
7.274	-0.458	0.008333333333333333	0.008726646250000001
7.307	-0.474	0.008333333333333333	0.008726646250000001
7.341	-0.47	0.008333333333333333	0.008726646250000001
7.374	-0.445	0.008333333333333333	0.008726646250000001
7.407	-0.4	0.008333333333333333	0.008726646250000001
7.441	-0.336	0.008333333333333333	0.008726646250000001
7.474	-0.259	0.008333333333333333	0.008726646250000001
7.508	-0.172	0.008333333333333333	0.008726646250000001
7.541	-0.08222	0.008333333333333333	0.008726646250000001
7.574	0.0168	0.008333333333333333	0.008726646250000001
7.608	0.119	0.008333333333333333	0.008726646250000001
7.641	0.234	0.008333333333333333	0.008726646250000001
7.674	0.302	0.008333333333333333	0.008726646250000001
7.708	0.367	0.008333333333333333	0.008726646250000001
7.741	0.414	0.008333333333333333	0.008726646250000001
7.774	0.442	0.008333333333333333	0.008726646250000001
7.808	0.449	0.008333333333333333	0.008726646250000001
7.841	0.438	0.008333333333333333	0.008726646250000001
7.875	0.404	0.008333333333333333	0.008726646250000001
7.908	0.353	0.008333333333333333	0.008726646250000001
7.941	0.28	0.008333333333333333	0.008726646250000001
7.975	0.215	0.008333333333333333	0.008726646250000001
8.008	0.09206	0.008333333333333333	0.008726646250000001
8.041	-0.01065	0.008333333333333333	0.008726646250000001
8.075	-0.109	0.008333333333333333	0.008726646250000001
8.108	-0.183	0.008333333333333333	0.008726646250000001
8.141	-0.271	0.008333333333333333	0.008726646250000001
8.175	-0.347	0.008333333333333333	0.008726646250000001
8.208	-0.406	0.008333333333333333	0.008726646250000001
8.242	-0.447	0.008333333333333333	0.008726646250000001
8.275	-0.468	0.008333333333333333	0.008726646250000001
8.308	-0.468	0.008333333333333333	0.008726646250000001
8.342	-0.447	0.008333333333333333	0.008726646250000001
8.375	-0.406	0.008333333333333333	0.008726646250000001
8.408	-0.349	0.008333333333333333	0.008726646250000001
8.442	-0.286	0.008333333333333333	0.008726646250000001
8.475	-0.198	0.008333333333333333	0.008726646250000001
8.508	-0.105	0.008333333333333333	0.008726646250000001
8.542	-0.008791	0.008333333333333333	0.008726646250000001
8.575	0.09728	0.008333333333333333	0.008726646250000001
8.609	0.19	0.008333333333333333	0.008726646250000001
8.642	0.284	0.008333333333333333	0.008726646250000001
8.675	0.352	0.008333333333333333	0.008726646250000001
8.709	0.403	0.008333333333333333	0.008726646250000001
8.742	0.436	0.008333333333333333	0.008726646250000001
8.775	0.446	0.008333333333333333	0.008726646250000001
8.809	0.44	0.008333333333333333	0.008726646250000001
8.842	0.41	0.008333333333333333	0.008726646250000001
8.876	0.363	0.008333333333333333	0.008726646250000001
8.909	0.304	0.008333333333333333	0.008726646250000001
8.942	0.231	0.008333333333333333	0.008726646250000001
8.976	0.111	0.008333333333333333	0.008726646250000001
9.009	0.006408	0.008333333333333333	0.008726646250000001
9.042	-0.08944	0.008333333333333333	0.008726646250000001
9.076	-0.185	0.008333333333333333	0.008726646250000001
9.109	-0.251	0.008333333333333333	0.008726646250000001
9.142	-0.332	0.008333333333333333	0.008726646250000001
9.176	-0.396	0.008333333333333333	0.008726646250000001
9.209	-0.439	0.008333333333333333	0.008726646250000001
9.243	-0.463	0.008333333333333333	0.008726646250000001
9.276	-0.466	0.008333333333333333	0.008726646250000001
9.309	-0.45	0.008333333333333333	0.008726646250000001
9.343	-0.415	0.008333333333333333	0.008726646250000001
9.376	-0.36	0.008333333333333333	0.008726646250000001
9.409	-0.285	0.008333333333333333	0.008726646250000001
9.443	-0.202	0.008333333333333333	0.008726646250000001
9.476	-0.103	0.008333333333333333	0.008726646250000001
9.509	-0.02545	0.008333333333333333	0.008726646250000001
9.543	0.02699	0.008333333333333333	0.008726646250000001
9.576	0.124	0.008333333333333333	0.008726646250000001
9.61	0.242	0.008333333333333333	0.008726646250000001
9.643	0.349	0.008333333333333333	0.008726646250000001
9.676	0.368	0.008333333333333333	0.008726646250000001
9.71	0.411	0.008333333333333333	0.008726646250000001
9.743	0.439	0.008333333333333333	0.008726646250000001
9.776	0.443	0.008333333333333333	0.008726646250000001
9.81	0.429	0.008333333333333333	0.008726646250000001
9.843	0.395	0.008333333333333333	0.008726646250000001
9.877	0.34	0.008333333333333333	0.008726646250000001
9.91	0.271	0.008333333333333333	0.008726646250000001
9.943	0.201	0.008333333333333333	0.008726646250000001
9.977	0.07878	0.008333333333333333	0.008726646250000001
10.01	-0.0221	0.008333333333333333	0.008726646250000001
10.043	-0.09723	0.008333333333333333	0.008726646250000001
10.077	-0.192	0.008333333333333333	0.008726646250000001
10.11	-0.278	0.008333333333333333	0.008726646250000001
10.143	-0.351	0.008333333333333333	0.008726646250000001
10.177	-0.408	0.008333333333333333	0.008726646250000001
10.21	-0.446	0.008333333333333333	0.008726646250000001
10.244	-0.462	0.008333333333333333	0.008726646250000001
10.277	-0.459	0.008333333333333333	0.008726646250000001
10.31	-0.435	0.008333333333333333	0.008726646250000001
10.344	-0.392	0.008333333333333333	0.008726646250000001
10.377	-0.332	0.008333333333333333	0.008726646250000001
10.41	-0.256	0.008333333333333333	0.008726646250000001
10.444	-0.161	0.008333333333333333	0.008726646250000001
10.477	-0.08335	0.008333333333333333	0.008726646250000001
10.511	0.01425	0.008333333333333333	0.008726646250000001
10.544	0.11	0.008333333333333333	0.008726646250000001
10.577	0.224	0.008333333333333333	0.008726646250000001
10.611	0.292	0.008333333333333333	0.008726646250000001
10.644	0.358	0.008333333333333333	0.008726646250000001
10.677	0.405	0.008333333333333333	0.008726646250000001
10.711	0.435	0.008333333333333333	0.008726646250000001
10.744	0.441	0.008333333333333333	0.008726646250000001
10.777	0.431	0.008333333333333333	0.008726646250000001
10.811	0.399	0.008333333333333333	0.008726646250000001
10.844	0.35	0.008333333333333333	0.008726646250000001
10.878	0.277	0.008333333333333333	0.008726646250000001
10.911	0.189	0.008333333333333333	0.008726646250000001
10.944	0.09223	0.008333333333333333	0.008726646250000001
10.978	-0.007395	0.008333333333333333	0.008726646250000001
11.011	-0.104	0.008333333333333333	0.008726646250000001
11.044	-0.197	0.008333333333333333	0.008726646250000001
11.078	-0.286	0.008333333333333333	0.008726646250000001
11.111	-0.361	0.008333333333333333	0.008726646250000001
11.144	-0.404	0.008333333333333333	0.008726646250000001
11.178	-0.444	0.008333333333333333	0.008726646250000001
11.211	-0.466	0.008333333333333333	0.008726646250000001
11.245	-0.466	0.008333333333333333	0.008726646250000001
11.278	-0.446	0.008333333333333333	0.008726646250000001
11.311	-0.404	0.008333333333333333	0.008726646250000001
11.345	-0.348	0.008333333333333333	0.008726646250000001
11.378	-0.273	0.008333333333333333	0.008726646250000001
11.411	-0.183	0.008333333333333333	0.008726646250000001
11.445	-0.09631	0.008333333333333333	0.008726646250000001
11.478	-0.001701	0.008333333333333333	0.008726646250000001
11.511	0.09457	0.008333333333333333	0.008726646250000001
11.545	0.214	0.008333333333333333	0.008726646250000001
11.578	0.279	0.008333333333333333	0.008726646250000001
11.612	0.347	0.008333333333333333	0.008726646250000001
11.645	0.399	0.008333333333333333	0.008726646250000001
11.678	0.432	0.008333333333333333	0.008726646250000001
11.712	0.428	0.008333333333333333	0.008726646250000001
11.745	0.42	0.008333333333333333	0.008726646250000001
11.778	0.418	0.008333333333333333	0.008726646250000001
11.812	0.381	0.008333333333333333	0.008726646250000001
11.845	0.308	0.008333333333333333	0.008726646250000001
11.879	0.243	0.008333333333333333	0.008726646250000001
11.912	0.124	0.008333333333333333	0.008726646250000001
11.945	0.02055	0.008333333333333333	0.008726646250000001
11.979	-0.07774	0.008333333333333333	0.008726646250000001
12.012	-0.176	0.008333333333333333	0.008726646250000001
12.045	-0.258	0.008333333333333333	0.008726646250000001
12.079	-0.338	0.008333333333333333	0.008726646250000001
12.112	-0.399	0.008333333333333333	0.008726646250000001
12.145	-0.425	0.008333333333333333	0.008726646250000001
12.179	-0.45	0.008333333333333333	0.008726646250000001
12.212	-0.453	0.008333333333333333	0.008726646250000001
12.246	-0.435	0.008333333333333333	0.008726646250000001
12.279	-0.419	0.008333333333333333	0.008726646250000001
12.312	-0.368	0.008333333333333333	0.008726646250000001
12.346	-0.293	0.008333333333333333	0.008726646250000001
12.379	-0.205	0.008333333333333333	0.008726646250000001
12.412	-0.112	0.008333333333333333	0.008726646250000001
12.446	-0.01384	0.008333333333333333	0.008726646250000001
12.479	0.0871	0.008333333333333333	0.008726646250000001
12.512	0.188	0.008333333333333333	0.008726646250000001
12.546	0.277	0.008333333333333333	0.008726646250000001
12.579	0.354	0.008333333333333333	0.008726646250000001
12.613	0.398	0.008333333333333333	0.008726646250000001
12.646	0.432	0.008333333333333333	0.008726646250000001
12.679	0.445	0.008333333333333333	0.008726646250000001
12.713	0.442	0.008333333333333333	0.008726646250000001
12.746	0.414	0.008333333333333333	0.008726646250000001
12.779	0.365	0.008333333333333333	0.008726646250000001
12.813	0.301	0.008333333333333333	0.008726646250000001
12.846	0.251	0.008333333333333333	0.008726646250000001
12.88	0.163	0.008333333333333333	0.008726646250000001
12.913	0.03784	0.008333333333333333	0.008726646250000001
12.946	-0.06273	0.008333333333333333	0.008726646250000001
12.98	-0.145	0.008333333333333333	0.008726646250000001
13.013	-0.243	0.008333333333333333	0.008726646250000001
13.046	-0.319	0.008333333333333333	0.008726646250000001
13.08	-0.366	0.008333333333333333	0.008726646250000001
13.113	-0.413	0.008333333333333333	0.008726646250000001
13.146	-0.439	0.008333333333333333	0.008726646250000001
13.18	-0.447	0.008333333333333333	0.008726646250000001
13.213	-0.433	0.008333333333333333	0.008726646250000001
13.247	-0.399	0.008333333333333333	0.008726646250000001
13.28	-0.372	0.008333333333333333	0.008726646250000001
13.313	-0.295	0.008333333333333333	0.008726646250000001
13.347	-0.213	0.008333333333333333	0.008726646250000001
13.38	-0.127	0.008333333333333333	0.008726646250000001
13.413	-0.02895	0.008333333333333333	0.008726646250000001
13.447	0.07373	0.008333333333333333	0.008726646250000001
13.48	0.198	0.008333333333333333	0.008726646250000001
13.514	0.258	0.008333333333333333	0.008726646250000001
13.547	0.327	0.008333333333333333	0.008726646250000001
13.58	0.385	0.008333333333333333	0.008726646250000001
13.614	0.423	0.008333333333333333	0.008726646250000001
13.647	0.442	0.008333333333333333	0.008726646250000001
13.68	0.439	0.008333333333333333	0.008726646250000001
13.714	0.415	0.008333333333333333	0.008726646250000001
13.747	0.374	0.008333333333333333	0.008726646250000001
13.78	0.318	0.008333333333333333	0.008726646250000001
13.814	0.262	0.008333333333333333	0.008726646250000001
13.847	0.183	0.008333333333333333	0.008726646250000001
13.881	0.0539	0.008333333333333333	0.008726646250000001
13.914	-0.05139	0.008333333333333333	0.008726646250000001
13.947	-0.137	0.008333333333333333	0.008726646250000001
13.981	-0.223	0.008333333333333333	0.008726646250000001
14.014	-0.303	0.008333333333333333	0.008726646250000001
14.047	-0.368	0.008333333333333333	0.008726646250000001
14.081	-0.412	0.008333333333333333	0.008726646250000001
14.114	-0.444	0.008333333333333333	0.008726646250000001
14.147	-0.453	0.008333333333333333	0.008726646250000001
14.181	-0.442	0.008333333333333333	0.008726646250000001
14.214	-0.413	0.008333333333333333	0.008726646250000001
14.248	-0.365	0.008333333333333333	0.008726646250000001
14.281	-0.302	0.008333333333333333	0.008726646250000001
14.314	-0.222	0.008333333333333333	0.008726646250000001
14.348	-0.134	0.008333333333333333	0.008726646250000001
14.381	-0.04614	0.008333333333333333	0.008726646250000001
14.414	0.05906	0.008333333333333333	0.008726646250000001
14.448	0.153	0.008333333333333333	0.008726646250000001
14.481	0.271	0.008333333333333333	0.008726646250000001
14.514	0.344	0.008333333333333333	0.008726646250000001
14.548	0.372	0.008333333333333333	0.008726646250000001
14.581	0.423	0.008333333333333333	0.008726646250000001
14.615	0.451	0.008333333333333333	0.008726646250000001
14.648	0.449	0.008333333333333333	0.008726646250000001
14.681	0.427	0.008333333333333333	0.008726646250000001
14.715	0.383	0.008333333333333333	0.008726646250000001
14.748	0.337	0.008333333333333333	0.008726646250000001
14.781	0.262	0.008333333333333333	0.008726646250000001
14.815	0.197	0.008333333333333333	0.008726646250000001
14.848	0.07464	0.008333333333333333	0.008726646250000001
14.882	-0.02741	0.008333333333333333	0.008726646250000001
14.915	-0.111	0.008333333333333333	0.008726646250000001
14.948	-0.181	0.008333333333333333	0.008726646250000001
14.982	-0.261	0.008333333333333333	0.008726646250000001
15.015	-0.331	0.008333333333333333	0.008726646250000001
15.048	-0.382	0.008333333333333333	0.008726646250000001
15.082	-0.417	0.008333333333333333	0.008726646250000001
15.115	-0.429	0.008333333333333333	0.008726646250000001
15.148	-0.424	0.008333333333333333	0.008726646250000001
15.182	-0.397	0.008333333333333333	0.008726646250000001
15.215	-0.351	0.008333333333333333	0.008726646250000001
15.249	-0.29	0.008333333333333333	0.008726646250000001
15.282	-0.237	0.008333333333333333	0.008726646250000001
15.315	-0.149	0.008333333333333333	0.008726646250000001
15.349	-0.0585	0.008333333333333333	0.008726646250000001
15.382	0.03579	0.008333333333333333	0.008726646250000001
15.415	0.133	0.008333333333333333	0.008726646250000001
15.449	0.237	0.008333333333333333	0.008726646250000001
15.482	0.336	0.008333333333333333	0.008726646250000001
15.515	0.367	0.008333333333333333	0.008726646250000001
15.549	0.412	0.008333333333333333	0.008726646250000001
15.582	0.439	0.008333333333333333	0.008726646250000001
15.616	0.444	0.008333333333333333	0.008726646250000001
15.649	0.43	0.008333333333333333	0.008726646250000001
15.682	0.391	0.008333333333333333	0.008726646250000001
15.716	0.334	0.008333333333333333	0.008726646250000001
15.749	0.295	0.008333333333333333	0.008726646250000001
15.782	0.21	0.008333333333333333	0.008726646250000001
15.816	0.07661	0.008333333333333333	0.008726646250000001
15.849	-0.0464	0.008333333333333333	0.008726646250000001
15.883	-0.09637	0.008333333333333333	0.008726646250000001
15.916	-0.186	0.008333333333333333	0.008726646250000001
15.949	-0.272	0.008333333333333333	0.008726646250000001
15.983	-0.345	0.008333333333333333	0.008726646250000001
16.016	-0.402	0.008333333333333333	0.008726646250000001
16.049	-0.442	0.008333333333333333	0.008726646250000001
16.083	-0.461	0.008333333333333333	0.008726646250000001
16.116	-0.458	0.008333333333333333	0.008726646250000001
16.149	-0.432	0.008333333333333333	0.008726646250000001
16.183	-0.386	0.008333333333333333	0.008726646250000001
16.216	-0.323	0.008333333333333333	0.008726646250000001
16.25	-0.245	0.008333333333333333	0.008726646250000001
16.283	-0.157	0.008333333333333333	0.008726646250000001
16.316	-0.08636	0.008333333333333333	0.008726646250000001
16.35	0.00382	0.008333333333333333	0.008726646250000001
16.383	0.125	0.008333333333333333	0.008726646250000001
16.416	0.23	0.008333333333333333	0.008726646250000001
16.45	0.312	0.008333333333333333	0.008726646250000001
16.483	0.379	0.008333333333333333	0.008726646250000001
16.517	0.43	0.008333333333333333	0.008726646250000001
16.55	0.462	0.008333333333333333	0.008726646250000001
16.583	0.401	0.008333333333333333	0.008726646250000001
16.617	0.393	0.008333333333333333	0.008726646250000001
16.65	0.415	0.008333333333333333	0.008726646250000001
16.683	0.325	0.008333333333333333	0.008726646250000001
16.717	0.261	0.008333333333333333	0.008726646250000001
16.75	0.183	0.008333333333333333	0.008726646250000001
16.783	0.09667	0.008333333333333333	0.008726646250000001
16.817	0.005206	0.008333333333333333	0.008726646250000001
16.85	-0.08639	0.008333333333333333	0.008726646250000001
16.884	-0.175	0.008333333333333333	0.008726646250000001
16.917	-0.256	0.008333333333333333	0.008726646250000001
16.95	-0.323	0.008333333333333333	0.008726646250000001
16.984	-0.376	0.008333333333333333	0.008726646250000001
17.017	-0.412	0.008333333333333333	0.008726646250000001
17.05	-0.429	0.008333333333333333	0.008726646250000001
17.084	-0.428	0.008333333333333333	0.008726646250000001
17.117	-0.407	0.008333333333333333	0.008726646250000001
17.15	-0.367	0.008333333333333333	0.008726646250000001
17.184	-0.31	0.008333333333333333	0.008726646250000001
17.217	-0.238	0.008333333333333333	0.008726646250000001
17.251	-0.154	0.008333333333333333	0.008726646250000001
17.284	-0.06168	0.008333333333333333	0.008726646250000001
17.317	0.03551	0.008333333333333333	0.008726646250000001
17.351	0.132	0.008333333333333333	0.008726646250000001
17.384	0.222	0.008333333333333333	0.008726646250000001
17.417	0.303	0.008333333333333333	0.008726646250000001
17.451	0.369	0.008333333333333333	0.008726646250000001
17.484	0.419	0.008333333333333333	0.008726646250000001
17.517	0.451	0.008333333333333333	0.008726646250000001
17.551	0.461	0.008333333333333333	0.008726646250000001
17.584	0.453	0.008333333333333333	0.008726646250000001
17.618	0.423	0.008333333333333333	0.008726646250000001
17.651	0.376	0.008333333333333333	0.008726646250000001
17.684	0.311	0.008333333333333333	0.008726646250000001
17.718	0.231	0.008333333333333333	0.008726646250000001
17.751	0.142	0.008333333333333333	0.008726646250000001
17.784	0.04775	0.008333333333333333	0.008726646250000001
17.818	-0.05435	0.008333333333333333	0.008726646250000001
17.851	-0.153	0.008333333333333333	0.008726646250000001
17.885	-0.237	0.008333333333333333	0.008726646250000001
17.918	-0.311	0.008333333333333333	0.008726646250000001
17.951	-0.376	0.008333333333333333	0.008726646250000001
17.985	-0.416	0.008333333333333333	0.008726646250000001
18.018	-0.441	0.008333333333333333	0.008726646250000001
18.051	-0.443	0.008333333333333333	0.008726646250000001
18.085	-0.425	0.008333333333333333	0.008726646250000001
18.118	-0.388	0.008333333333333333	0.008726646250000001
18.151	-0.335	0.008333333333333333	0.008726646250000001
18.185	-0.263	0.008333333333333333	0.008726646250000001
18.218	-0.182	0.008333333333333333	0.008726646250000001
18.252	-0.09021	0.008333333333333333	0.008726646250000001
18.285	0.001806	0.008333333333333333	0.008726646250000001
18.318	0.09661	0.008333333333333333	0.008726646250000001
18.352	0.185	0.008333333333333333	0.008726646250000001
18.385	0.266	0.008333333333333333	0.008726646250000001
18.418	0.334	0.008333333333333333	0.008726646250000001
18.452	0.398	0.008333333333333333	0.008726646250000001
18.485	0.431	0.008333333333333333	0.008726646250000001
18.518	0.446	0.008333333333333333	0.008726646250000001
18.552	0.438	0.008333333333333333	0.008726646250000001
18.585	0.412	0.008333333333333333	0.008726646250000001
18.619	0.367	0.008333333333333333	0.008726646250000001
18.652	0.302	0.008333333333333333	0.008726646250000001
18.685	0.225	0.008333333333333333	0.008726646250000001
18.719	0.137	0.008333333333333333	0.008726646250000001
18.752	0.04297	0.008333333333333333	0.008726646250000001
18.785	-0.04977	0.008333333333333333	0.008726646250000001
18.819	-0.146	0.008333333333333333	0.008726646250000001
18.852	-0.237	0.008333333333333333	0.008726646250000001
18.886	-0.313	0.008333333333333333	0.008726646250000001
18.919	-0.372	0.008333333333333333	0.008726646250000001
18.952	-0.415	0.008333333333333333	0.008726646250000001
18.986	-0.441	0.008333333333333333	0.008726646250000001
19.019	-0.446	0.008333333333333333	0.008726646250000001
19.052	-0.431	0.008333333333333333	0.008726646250000001
19.086	-0.397	0.008333333333333333	0.008726646250000001
19.119	-0.345	0.008333333333333333	0.008726646250000001
19.152	-0.278	0.008333333333333333	0.008726646250000001
19.186	-0.202	0.008333333333333333	0.008726646250000001
19.219	-0.108	0.008333333333333333	0.008726646250000001
19.253	-0.02105	0.008333333333333333	0.008726646250000001
19.286	0.08381	0.008333333333333333	0.008726646250000001
19.319	0.173	0.008333333333333333	0.008726646250000001
19.353	0.256	0.008333333333333333	0.008726646250000001
19.386	0.324	0.008333333333333333	0.008726646250000001
19.419	0.377	0.008333333333333333	0.008726646250000001
19.453	0.41	0.008333333333333333	0.008726646250000001
19.486	0.426	0.008333333333333333	0.008726646250000001
19.52	0.423	0.008333333333333333	0.008726646250000001
19.553	0.398	0.008333333333333333	0.008726646250000001
19.586	0.354	0.008333333333333333	0.008726646250000001
19.62	0.292	0.008333333333333333	0.008726646250000001
19.653	0.216	0.008333333333333333	0.008726646250000001
19.686	0.128	0.008333333333333333	0.008726646250000001
19.72	0.03521	0.008333333333333333	0.008726646250000001
19.753	-0.05748	0.008333333333333333	0.008726646250000001
19.786	-0.148	0.008333333333333333	0.008726646250000001
19.82	-0.238	0.008333333333333333	0.008726646250000001
19.853	-0.315	0.008333333333333333	0.008726646250000001
19.887	-0.376	0.008333333333333333	0.008726646250000001
19.92	-0.423	0.008333333333333333	0.008726646250000001
19.953	-0.448	0.008333333333333333	0.008726646250000001
19.987	-0.455	0.008333333333333333	0.008726646250000001
20.02	-0.443	0.008333333333333333	0.008726646250000001
20.053	-0.411	0.008333333333333333	0.008726646250000001
20.087	-0.36	0.008333333333333333	0.008726646250000001
20.12	-0.295	0.008333333333333333	0.008726646250000001
20.153	-0.216	0.008333333333333333	0.008726646250000001
20.187	-0.128	0.008333333333333333	0.008726646250000001
20.22	-0.03392	0.008333333333333333	0.008726646250000001
20.254	0.06559	0.008333333333333333	0.008726646250000001
20.287	0.16	0.008333333333333333	0.008726646250000001
20.32	0.245	0.008333333333333333	0.008726646250000001
20.354	0.32	0.008333333333333333	0.008726646250000001
20.387	0.376	0.008333333333333333	0.008726646250000001
20.42	0.421	0.008333333333333333	0.008726646250000001
20.454	0.438	0.008333333333333333	0.008726646250000001
20.487	0.439	0.008333333333333333	0.008726646250000001
20.52	0.416	0.008333333333333333	0.008726646250000001
20.554	0.374	0.008333333333333333	0.008726646250000001
20.587	0.317	0.008333333333333333	0.008726646250000001
20.621	0.243	0.008333333333333333	0.008726646250000001
20.654	0.159	0.008333333333333333	0.008726646250000001
20.687	0.06362	0.008333333333333333	0.008726646250000001
20.721	-0.03148	0.008333333333333333	0.008726646250000001
20.754	-0.123	0.008333333333333333	0.008726646250000001
20.787	-0.211	0.008333333333333333	0.008726646250000001
20.821	-0.289	0.008333333333333333	0.008726646250000001
20.854	-0.353	0.008333333333333333	0.008726646250000001
20.888	-0.402	0.008333333333333333	0.008726646250000001
20.921	-0.43	0.008333333333333333	0.008726646250000001
20.954	-0.441	0.008333333333333333	0.008726646250000001
20.988	-0.429	0.008333333333333333	0.008726646250000001
21.021	-0.399	0.008333333333333333	0.008726646250000001
21.054	-0.352	0.008333333333333333	0.008726646250000001
21.088	-0.286	0.008333333333333333	0.008726646250000001
21.121	-0.208	0.008333333333333333	0.008726646250000001
21.154	-0.119	0.008333333333333333	0.008726646250000001
21.188	-0.02908	0.008333333333333333	0.008726646250000001
21.221	0.06683	0.008333333333333333	0.008726646250000001
21.255	0.158	0.008333333333333333	0.008726646250000001
21.288	0.242	0.008333333333333333	0.008726646250000001
21.321	0.318	0.008333333333333333	0.008726646250000001
21.355	0.375	0.008333333333333333	0.008726646250000001
21.388	0.414	0.008333333333333333	0.008726646250000001
21.421	0.436	0.008333333333333333	0.008726646250000001
21.455	0.439	0.008333333333333333	0.008726646250000001
21.488	0.419	0.008333333333333333	0.008726646250000001
21.521	0.385	0.008333333333333333	0.008726646250000001
21.555	0.329	0.008333333333333333	0.008726646250000001
21.588	0.255	0.008333333333333333	0.008726646250000001
21.622	0.172	0.008333333333333333	0.008726646250000001
21.655	0.08006	0.008333333333333333	0.008726646250000001
21.688	-0.01362	0.008333333333333333	0.008726646250000001
21.722	-0.117	0.008333333333333333	0.008726646250000001
21.755	-0.196	0.008333333333333333	0.008726646250000001
21.788	-0.276	0.008333333333333333	0.008726646250000001
21.822	-0.341	0.008333333333333333	0.008726646250000001
21.855	-0.389	0.008333333333333333	0.008726646250000001
21.889	-0.422	0.008333333333333333	0.008726646250000001
21.922	-0.434	0.008333333333333333	0.008726646250000001
21.955	-0.427	0.008333333333333333	0.008726646250000001
21.989	-0.4	0.008333333333333333	0.008726646250000001
22.022	-0.357	0.008333333333333333	0.008726646250000001
22.055	-0.295	0.008333333333333333	0.008726646250000001
22.089	-0.22	0.008333333333333333	0.008726646250000001
22.122	-0.135	0.008333333333333333	0.008726646250000001
22.155	-0.04768	0.008333333333333333	0.008726646250000001
22.189	0.05531	0.008333333333333333	0.008726646250000001
22.222	0.147	0.008333333333333333	0.008726646250000001
22.256	0.235	0.008333333333333333	0.008726646250000001
22.289	0.312	0.008333333333333333	0.008726646250000001
22.322	0.373	0.008333333333333333	0.008726646250000001
22.356	0.416	0.008333333333333333	0.008726646250000001
22.389	0.44	0.008333333333333333	0.008726646250000001
22.422	0.442	0.008333333333333333	0.008726646250000001
22.456	0.426	0.008333333333333333	0.008726646250000001
22.489	0.391	0.008333333333333333	0.008726646250000001
22.523	0.336	0.008333333333333333	0.008726646250000001
22.556	0.263	0.008333333333333333	0.008726646250000001
22.589	0.181	0.008333333333333333	0.008726646250000001
22.623	0.08928	0.008333333333333333	0.008726646250000001
22.656	0.04508	0.008333333333333333	0.008726646250000001
22.689	-0.04969	0.008333333333333333	0.008726646250000001
22.723	-0.149	0.008333333333333333	0.008726646250000001
22.756	-0.236	0.008333333333333333	0.008726646250000001
22.789	-0.309	0.008333333333333333	0.008726646250000001
22.823	-0.365	0.008333333333333333	0.008726646250000001
22.856	-0.408	0.008333333333333333	0.008726646250000001
22.89	-0.432	0.008333333333333333	0.008726646250000001
22.923	-0.437	0.008333333333333333	0.008726646250000001
22.956	-0.421	0.008333333333333333	0.008726646250000001
22.99	-0.388	0.008333333333333333	0.008726646250000001
23.023	-0.339	0.008333333333333333	0.008726646250000001
23.056	-0.274	0.008333333333333333	0.008726646250000001
23.09	-0.196	0.008333333333333333	0.008726646250000001
23.123	-0.107	0.008333333333333333	0.008726646250000001
23.156	-0.005133	0.008333333333333333	0.008726646250000001
23.19	0.08697	0.008333333333333333	0.008726646250000001
23.223	0.178	0.008333333333333333	0.008726646250000001
23.257	0.261	0.008333333333333333	0.008726646250000001
23.29	0.334	0.008333333333333333	0.008726646250000001
23.323	0.391	0.008333333333333333	0.008726646250000001
23.357	0.407	0.008333333333333333	0.008726646250000001
23.39	0.424	0.008333333333333333	0.008726646250000001
23.423	0.417	0.008333333333333333	0.008726646250000001
23.457	0.39	0.008333333333333333	0.008726646250000001
23.49	0.36	0.008333333333333333	0.008726646250000001
23.523	0.297	0.008333333333333333	0.008726646250000001
23.557	0.222	0.008333333333333333	0.008726646250000001
23.59	0.138	0.008333333333333333	0.008726646250000001
23.624	0.04597	0.008333333333333333	0.008726646250000001
23.657	-0.04764	0.008333333333333333	0.008726646250000001
23.69	-0.139	0.008333333333333333	0.008726646250000001
23.724	-0.228	0.008333333333333333	0.008726646250000001
23.757	-0.3	0.008333333333333333	0.008726646250000001
23.79	-0.362	0.008333333333333333	0.008726646250000001
23.824	-0.406	0.008333333333333333	0.008726646250000001
23.857	-0.434	0.008333333333333333	0.008726646250000001
23.891	-0.442	0.008333333333333333	0.008726646250000001
23.924	-0.429	0.008333333333333333	0.008726646250000001
23.957	-0.399	0.008333333333333333	0.008726646250000001
23.991	-0.35	0.008333333333333333	0.008726646250000001
24.024	-0.284	0.008333333333333333	0.008726646250000001
24.057	-0.203	0.008333333333333333	0.008726646250000001
24.091	-0.114	0.008333333333333333	0.008726646250000001
24.124	-0.03286	0.008333333333333333	0.008726646250000001
24.157	0.05649	0.008333333333333333	0.008726646250000001
24.191	0.144	0.008333333333333333	0.008726646250000001
24.224	0.225	0.008333333333333333	0.008726646250000001
24.258	0.295	0.008333333333333333	0.008726646250000001
24.291	0.349	0.008333333333333333	0.008726646250000001
24.324	0.387	0.008333333333333333	0.008726646250000001
24.358	0.406	0.008333333333333333	0.008726646250000001
24.391	0.404	0.008333333333333333	0.008726646250000001
24.424	0.383	0.008333333333333333	0.008726646250000001
24.458	0.342	0.008333333333333333	0.008726646250000001
24.491	0.284	0.008333333333333333	0.008726646250000001
24.524	0.213	0.008333333333333333	0.008726646250000001
24.558	0.132	0.008333333333333333	0.008726646250000001
24.591	0.04152	0.008333333333333333	0.008726646250000001
24.625	-0.04812	0.008333333333333333	0.008726646250000001
24.658	-0.138	0.008333333333333333	0.008726646250000001
24.691	-0.223	0.008333333333333333	0.008726646250000001
24.725	-0.298	0.008333333333333333	0.008726646250000001
24.758	-0.359	0.008333333333333333	0.008726646250000001
24.791	-0.406	0.008333333333333333	0.008726646250000001
24.825	-0.434	0.008333333333333333	0.008726646250000001
24.858	-0.443	0.008333333333333333	0.008726646250000001
24.892	-0.432	0.008333333333333333	0.008726646250000001
24.925	-0.403	0.008333333333333333	0.008726646250000001
24.958	-0.358	0.008333333333333333	0.008726646250000001
24.992	-0.292	0.008333333333333333	0.008726646250000001
25.025	-0.22	0.008333333333333333	0.008726646250000001
25.058	-0.133	0.008333333333333333	0.008726646250000001
25.092	-0.04607	0.008333333333333333	0.008726646250000001
25.125	0.04615	0.008333333333333333	0.008726646250000001
25.158	0.133	0.008333333333333333	0.008726646250000001
25.192	0.214	0.008333333333333333	0.008726646250000001
25.225	0.284	0.008333333333333333	0.008726646250000001
25.259	0.34	0.008333333333333333	0.008726646250000001
25.292	0.379	0.008333333333333333	0.008726646250000001
25.325	0.4	0.008333333333333333	0.008726646250000001
25.359	0.401	0.008333333333333333	0.008726646250000001
25.392	0.381	0.008333333333333333	0.008726646250000001
25.425	0.343	0.008333333333333333	0.008726646250000001
25.459	0.287	0.008333333333333333	0.008726646250000001
25.492	0.217	0.008333333333333333	0.008726646250000001
25.526	0.137	0.008333333333333333	0.008726646250000001
25.559	0.0482	0.008333333333333333	0.008726646250000001
25.592	-0.04498	0.008333333333333333	0.008726646250000001
25.626	-0.132	0.008333333333333333	0.008726646250000001
25.659	-0.22	0.008333333333333333	0.008726646250000001
25.692	-0.297	0.008333333333333333	0.008726646250000001
25.726	-0.354	0.008333333333333333	0.008726646250000001
25.759	-0.402	0.008333333333333333	0.008726646250000001
25.792	-0.43	0.008333333333333333	0.008726646250000001
25.826	-0.441	0.008333333333333333	0.008726646250000001
25.859	-0.433	0.008333333333333333	0.008726646250000001
25.893	-0.406	0.008333333333333333	0.008726646250000001
25.926	-0.361	0.008333333333333333	0.008726646250000001
25.959	-0.3	0.008333333333333333	0.008726646250000001
25.993	-0.225	0.008333333333333333	0.008726646250000001
26.026	-0.146	0.008333333333333333	0.008726646250000001
26.059	-0.05537	0.008333333333333333	0.008726646250000001
26.093	0.03525	0.008333333333333333	0.008726646250000001
26.126	0.124	0.008333333333333333	0.008726646250000001
26.159	0.205	0.008333333333333333	0.008726646250000001
26.193	0.277	0.008333333333333333	0.008726646250000001
26.226	0.333	0.008333333333333333	0.008726646250000001
26.26	0.375	0.008333333333333333	0.008726646250000001
26.293	0.397	0.008333333333333333	0.008726646250000001
26.326	0.399	0.008333333333333333	0.008726646250000001
26.36	0.381	0.008333333333333333	0.008726646250000001
26.393	0.344	0.008333333333333333	0.008726646250000001
26.426	0.29	0.008333333333333333	0.008726646250000001
26.46	0.222	0.008333333333333333	0.008726646250000001
26.493	0.143	0.008333333333333333	0.008726646250000001
26.526	0.05856	0.008333333333333333	0.008726646250000001
26.56	-0.03361	0.008333333333333333	0.008726646250000001
26.593	-0.122	0.008333333333333333	0.008726646250000001
26.627	-0.206	0.008333333333333333	0.008726646250000001
26.66	-0.28	0.008333333333333333	0.008726646250000001
26.693	-0.344	0.008333333333333333	0.008726646250000001
26.727	-0.393	0.008333333333333333	0.008726646250000001
26.76	-0.423	0.008333333333333333	0.008726646250000001
26.793	-0.437	0.008333333333333333	0.008726646250000001
26.827	-0.431	0.008333333333333333	0.008726646250000001
26.86	-0.407	0.008333333333333333	0.008726646250000001
26.894	-0.364	0.008333333333333333	0.008726646250000001
26.927	-0.304	0.008333333333333333	0.008726646250000001
26.96	-0.231	0.008333333333333333	0.008726646250000001
26.994	-0.145	0.008333333333333333	0.008726646250000001
27.027	-0.05974	0.008333333333333333	0.008726646250000001
27.06	0.02751	0.008333333333333333	0.008726646250000001
27.094	0.116	0.008333333333333333	0.008726646250000001
27.127	0.198	0.008333333333333333	0.008726646250000001
27.16	0.269	0.008333333333333333	0.008726646250000001
27.194	0.327	0.008333333333333333	0.008726646250000001
27.227	0.369	0.008333333333333333	0.008726646250000001
27.261	0.393	0.008333333333333333	0.008726646250000001
27.294	0.397	0.008333333333333333	0.008726646250000001
27.327	0.381	0.008333333333333333	0.008726646250000001
27.361	0.347	0.008333333333333333	0.008726646250000001
27.394	0.294	0.008333333333333333	0.008726646250000001
27.427	0.229	0.008333333333333333	0.008726646250000001
27.461	0.151	0.008333333333333333	0.008726646250000001
27.494	0.06649	0.008333333333333333	0.008726646250000001
27.527	-0.0247	0.008333333333333333	0.008726646250000001
27.561	-0.109	0.008333333333333333	0.008726646250000001
27.594	-0.198	0.008333333333333333	0.008726646250000001
27.628	-0.272	0.008333333333333333	0.008726646250000001
27.661	-0.336	0.008333333333333333	0.008726646250000001
27.694	-0.386	0.008333333333333333	0.008726646250000001
27.728	-0.418	0.008333333333333333	0.008726646250000001
27.761	-0.432	0.008333333333333333	0.008726646250000001
27.794	-0.426	0.008333333333333333	0.008726646250000001
27.828	-0.403	0.008333333333333333	0.008726646250000001
27.861	-0.361	0.008333333333333333	0.008726646250000001
27.895	-0.303	0.008333333333333333	0.008726646250000001
27.928	-0.233	0.008333333333333333	0.008726646250000001
27.961	-0.147	0.008333333333333333	0.008726646250000001
27.995	-0.06214	0.008333333333333333	0.008726646250000001
28.028	0.03696	0.008333333333333333	0.008726646250000001
28.061	0.124	0.008333333333333333	0.008726646250000001
28.095	0.21	0.008333333333333333	0.008726646250000001
28.128	0.283	0.008333333333333333	0.008726646250000001
28.161	0.343	0.008333333333333333	0.008726646250000001
28.195	0.389	0.008333333333333333	0.008726646250000001
28.228	0.417	0.008333333333333333	0.008726646250000001
28.262	0.42	0.008333333333333333	0.008726646250000001
28.295	0.407	0.008333333333333333	0.008726646250000001
28.328	0.375	0.008333333333333333	0.008726646250000001
28.362	0.324	0.008333333333333333	0.008726646250000001
28.395	0.258	0.008333333333333333	0.008726646250000001
28.428	0.177	0.008333333333333333	0.008726646250000001
28.462	0.09302	0.008333333333333333	0.008726646250000001
28.495	-0.00482	0.008333333333333333	0.008726646250000001
28.529	-0.09082	0.008333333333333333	0.008726646250000001
28.562	-0.176	0.008333333333333333	0.008726646250000001
28.595	-0.254	0.008333333333333333	0.008726646250000001
28.629	-0.319	0.008333333333333333	0.008726646250000001
28.662	-0.37	0.008333333333333333	0.008726646250000001
28.695	-0.403	0.008333333333333333	0.008726646250000001
28.729	-0.419	0.008333333333333333	0.008726646250000001
28.762	-0.416	0.008333333333333333	0.008726646250000001
28.795	-0.393	0.008333333333333333	0.008726646250000001
28.829	-0.353	0.008333333333333333	0.008726646250000001
28.862	-0.298	0.008333333333333333	0.008726646250000001
28.896	-0.228	0.008333333333333333	0.008726646250000001
28.929	-0.143	0.008333333333333333	0.008726646250000001
28.962	-0.05105	0.008333333333333333	0.008726646250000001
28.996	0.03914	0.008333333333333333	0.008726646250000001
29.029	0.128	0.008333333333333333	0.008726646250000001
29.062	0.213	0.008333333333333333	0.008726646250000001
29.096	0.287	0.008333333333333333	0.008726646250000001
29.129	0.35	0.008333333333333333	0.008726646250000001
29.162	0.396	0.008333333333333333	0.008726646250000001
29.196	0.419	0.008333333333333333	0.008726646250000001
29.229	0.426	0.008333333333333333	0.008726646250000001
29.263	0.415	0.008333333333333333	0.008726646250000001
29.296	0.382	0.008333333333333333	0.008726646250000001
29.329	0.332	0.008333333333333333	0.008726646250000001
29.363	0.264	0.008333333333333333	0.008726646250000001
29.396	0.186	0.008333333333333333	0.008726646250000001
29.429	0.101	0.008333333333333333	0.008726646250000001
29.463	0.01455	0.008333333333333333	0.008726646250000001
29.496	-0.08176	0.008333333333333333	0.008726646250000001
29.529	-0.165	0.008333333333333333	0.008726646250000001
29.563	-0.243	0.008333333333333333	0.008726646250000001
29.596	-0.309	0.008333333333333333	0.008726646250000001
29.63	-0.359	0.008333333333333333	0.008726646250000001
29.663	-0.394	0.008333333333333333	0.008726646250000001
29.696	-0.411	0.008333333333333333	0.008726646250000001
29.73	-0.409	0.008333333333333333	0.008726646250000001
29.763	-0.389	0.008333333333333333	0.008726646250000001
29.796	-0.352	0.008333333333333333	0.008726646250000001
29.83	-0.296	0.008333333333333333	0.008726646250000001
29.863	-0.228	0.008333333333333333	0.008726646250000001
29.897	-0.149	0.008333333333333333	0.008726646250000001
29.93	-0.05993	0.008333333333333333	0.008726646250000001
29.963	0.02299	0.008333333333333333	0.008726646250000001
29.997	0.11	0.008333333333333333	0.008726646250000001
30.03	0.205	0.008333333333333333	0.008726646250000001
30.063	0.281	0.008333333333333333	0.008726646250000001
30.097	0.343	0.008333333333333333	0.008726646250000001
30.13	0.388	0.008333333333333333	0.008726646250000001
30.163	0.416	0.008333333333333333	0.008726646250000001
30.197	0.423	0.008333333333333333	0.008726646250000001
30.23	0.412	0.008333333333333333	0.008726646250000001
30.264	0.382	0.008333333333333333	0.008726646250000001
30.297	0.334	0.008333333333333333	0.008726646250000001
30.33	0.27	0.008333333333333333	0.008726646250000001
30.364	0.193	0.008333333333333333	0.008726646250000001
30.397	0.108	0.008333333333333333	0.008726646250000001
30.43	0.01988	0.008333333333333333	0.008726646250000001
30.464	-0.07108	0.008333333333333333	0.008726646250000001
30.497	-0.156	0.008333333333333333	0.008726646250000001
30.53	-0.237	0.008333333333333333	0.008726646250000001
30.564	-0.302	0.008333333333333333	0.008726646250000001
30.597	-0.355	0.008333333333333333	0.008726646250000001
30.631	-0.393	0.008333333333333333	0.008726646250000001
30.664	-0.412	0.008333333333333333	0.008726646250000001
30.697	-0.411	0.008333333333333333	0.008726646250000001
30.731	-0.393	0.008333333333333333	0.008726646250000001
30.764	-0.355	0.008333333333333333	0.008726646250000001
30.797	-0.302	0.008333333333333333	0.008726646250000001
30.831	-0.234	0.008333333333333333	0.008726646250000001
30.864	-0.153	0.008333333333333333	0.008726646250000001
30.898	-0.06504	0.008333333333333333	0.008726646250000001
30.931	0.02351	0.008333333333333333	0.008726646250000001
30.964	0.112	0.008333333333333333	0.008726646250000001
30.998	0.195	0.008333333333333333	0.008726646250000001
31.031	0.272	0.008333333333333333	0.008726646250000001
31.064	0.333	0.008333333333333333	0.008726646250000001
31.098	0.38	0.008333333333333333	0.008726646250000001
31.131	0.41	0.008333333333333333	0.008726646250000001
31.164	0.416	0.008333333333333333	0.008726646250000001
31.198	0.408	0.008333333333333333	0.008726646250000001
31.231	0.38	0.008333333333333333	0.008726646250000001
31.265	0.333	0.008333333333333333	0.008726646250000001
31.298	0.268	0.008333333333333333	0.008726646250000001
31.331	0.194	0.008333333333333333	0.008726646250000001
31.365	0.109	0.008333333333333333	0.008726646250000001
31.398	0.01999	0.008333333333333333	0.008726646250000001
31.431	-0.07028	0.008333333333333333	0.008726646250000001
31.465	-0.156	0.008333333333333333	0.008726646250000001
31.498	-0.236	0.008333333333333333	0.008726646250000001
31.532	-0.307	0.008333333333333333	0.008726646250000001
31.565	-0.361	0.008333333333333333	0.008726646250000001
31.598	-0.4	0.008333333333333333	0.008726646250000001
31.632	-0.419	0.008333333333333333	0.008726646250000001
31.665	-0.42	0.008333333333333333	0.008726646250000001
31.698	-0.403	0.008333333333333333	0.008726646250000001
31.732	-0.368	0.008333333333333333	0.008726646250000001
31.765	-0.317	0.008333333333333333	0.008726646250000001
31.798	-0.252	0.008333333333333333	0.008726646250000001
31.832	-0.175	0.008333333333333333	0.008726646250000001
31.865	-0.09136	0.008333333333333333	0.008726646250000001
31.899	-0.004455	0.008333333333333333	0.008726646250000001
31.932	0.08286	0.008333333333333333	0.008726646250000001
31.965	0.167	0.008333333333333333	0.008726646250000001
31.999	0.242	0.008333333333333333	0.008726646250000001
32.032	0.305	0.008333333333333333	0.008726646250000001
32.065	0.353	0.008333333333333333	0.008726646250000001
32.099	0.383	0.008333333333333333	0.008726646250000001
32.132	0.395	0.008333333333333333	0.008726646250000001
32.165	0.386	0.008333333333333333	0.008726646250000001
32.199	0.358	0.008333333333333333	0.008726646250000001
32.232	0.313	0.008333333333333333	0.008726646250000001
32.266	0.253	0.008333333333333333	0.008726646250000001
32.299	0.179	0.008333333333333333	0.008726646250000001
32.332	0.09892	0.008333333333333333	0.008726646250000001
32.366	0.0117	0.008333333333333333	0.008726646250000001
32.399	-0.07055	0.008333333333333333	0.008726646250000001
32.432	-0.152	0.008333333333333333	0.008726646250000001
32.466	-0.235	0.008333333333333333	0.008726646250000001
32.499	-0.302	0.008333333333333333	0.008726646250000001
32.532	-0.353	0.008333333333333333	0.008726646250000001
32.566	-0.391	0.008333333333333333	0.008726646250000001
32.599	-0.411	0.008333333333333333	0.008726646250000001
32.633	-0.413	0.008333333333333333	0.008726646250000001
32.666	-0.398	0.008333333333333333	0.008726646250000001
32.699	-0.363	0.008333333333333333	0.008726646250000001
32.733	-0.314	0.008333333333333333	0.008726646250000001
32.766	-0.248	0.008333333333333333	0.008726646250000001
32.799	-0.168	0.008333333333333333	0.008726646250000001
32.833	-0.08922	0.008333333333333333	0.008726646250000001
32.866	-0.006133	0.008333333333333333	0.008726646250000001
32.9	0.07906	0.008333333333333333	0.008726646250000001
32.933	0.174	0.008333333333333333	0.008726646250000001
32.966	0.251	0.008333333333333333	0.008726646250000001
33.0	0.314	0.008333333333333333	0.008726646250000001
33.033	0.365	0.008333333333333333	0.008726646250000001
33.066	0.395	0.008333333333333333	0.008726646250000001
33.1	0.408	0.008333333333333333	0.008726646250000001
33.133	0.401	0.008333333333333333	0.008726646250000001
33.166	0.375	0.008333333333333333	0.008726646250000001
33.2	0.33	0.008333333333333333	0.008726646250000001
33.233	0.273	0.008333333333333333	0.008726646250000001
33.267	0.201	0.008333333333333333	0.008726646250000001
33.3	0.12	0.008333333333333333	0.008726646250000001
33.333	0.03724	0.008333333333333333	0.008726646250000001
33.367	-0.04869	0.008333333333333333	0.008726646250000001
33.4	-0.131	0.008333333333333333	0.008726646250000001
33.433	-0.213	0.008333333333333333	0.008726646250000001
33.467	-0.281	0.008333333333333333	0.008726646250000001
33.5	-0.337	0.008333333333333333	0.008726646250000001
33.533	-0.377	0.008333333333333333	0.008726646250000001
33.567	-0.398	0.008333333333333333	0.008726646250000001
33.6	-0.402	0.008333333333333333	0.008726646250000001
33.634	-0.387	0.008333333333333333	0.008726646250000001
33.667	-0.355	0.008333333333333333	0.008726646250000001
33.7	-0.305	0.008333333333333333	0.008726646250000001
33.734	-0.243	0.008333333333333333	0.008726646250000001
33.767	-0.168	0.008333333333333333	0.008726646250000001
33.8	-0.08612	0.008333333333333333	0.008726646250000001
33.834	-0.002461	0.008333333333333333	0.008726646250000001
33.867	0.08573	0.008333333333333333	0.008726646250000001
33.901	0.168	0.008333333333333333	0.008726646250000001
33.934	0.244	0.008333333333333333	0.008726646250000001
33.967	0.307	0.008333333333333333	0.008726646250000001
34.001	0.357	0.008333333333333333	0.008726646250000001
34.034	0.388	0.008333333333333333	0.008726646250000001
34.067	0.403	0.008333333333333333	0.008726646250000001
34.101	0.399	0.008333333333333333	0.008726646250000001
34.134	0.375	0.008333333333333333	0.008726646250000001
34.167	0.334	0.008333333333333333	0.008726646250000001
34.201	0.277	0.008333333333333333	0.008726646250000001
34.234	0.207	0.008333333333333333	0.008726646250000001
34.268	0.128	0.008333333333333333	0.008726646250000001
34.301	0.0429	0.008333333333333333	0.008726646250000001
34.334	-0.04386	0.008333333333333333	0.008726646250000001
34.368	-0.125	0.008333333333333333	0.008726646250000001
34.401	-0.208	0.008333333333333333	0.008726646250000001
34.434	-0.278	0.008333333333333333	0.008726646250000001
34.468	-0.333	0.008333333333333333	0.008726646250000001
34.501	-0.375	0.008333333333333333	0.008726646250000001
34.535	-0.396	0.008333333333333333	0.008726646250000001
34.568	-0.401	0.008333333333333333	0.008726646250000001
34.601	-0.389	0.008333333333333333	0.008726646250000001
34.635	-0.359	0.008333333333333333	0.008726646250000001
34.668	-0.311	0.008333333333333333	0.008726646250000001
34.701	-0.249	0.008333333333333333	0.008726646250000001
34.735	-0.171	0.008333333333333333	0.008726646250000001
34.768	-0.093	0.008333333333333333	0.008726646250000001
34.801	-0.005632	0.008333333333333333	0.008726646250000001
34.835	0.0807	0.008333333333333333	0.008726646250000001
34.868	0.162	0.008333333333333333	0.008726646250000001
34.902	0.238	0.008333333333333333	0.008726646250000001
34.935	0.299	0.008333333333333333	0.008726646250000001
34.968	0.348	0.008333333333333333	0.008726646250000001
35.002	0.381	0.008333333333333333	0.008726646250000001
35.035	0.395	0.008333333333333333	0.008726646250000001
35.068	0.391	0.008333333333333333	0.008726646250000001
35.102	0.365	0.008333333333333333	0.008726646250000001
35.135	0.327	0.008333333333333333	0.008726646250000001
35.168	0.27	0.008333333333333333	0.008726646250000001
35.202	0.203	0.008333333333333333	0.008726646250000001
35.235	0.125	0.008333333333333333	0.008726646250000001
35.269	0.04172	0.008333333333333333	0.008726646250000001
35.302	-0.05364	0.008333333333333333	0.008726646250000001
35.335	-0.137	0.008333333333333333	0.008726646250000001
35.369	-0.215	0.008333333333333333	0.008726646250000001
35.402	-0.284	0.008333333333333333	0.008726646250000001
35.435	-0.341	0.008333333333333333	0.008726646250000001
35.469	-0.385	0.008333333333333333	0.008726646250000001
35.502	-0.409	0.008333333333333333	0.008726646250000001
35.535	-0.416	0.008333333333333333	0.008726646250000001
35.569	-0.404	0.008333333333333333	0.008726646250000001
35.602	-0.374	0.008333333333333333	0.008726646250000001
35.636	-0.328	0.008333333333333333	0.008726646250000001
35.669	-0.27	0.008333333333333333	0.008726646250000001
35.702	-0.197	0.008333333333333333	0.008726646250000001
35.736	-0.111	0.008333333333333333	0.008726646250000001
35.769	-0.07005	0.008333333333333333	0.008726646250000001
35.802	0.009403	0.008333333333333333	0.008726646250000001
35.836	0.09171	0.008333333333333333	0.008726646250000001
35.869	0.17	0.008333333333333333	0.008726646250000001
35.903	0.239	0.008333333333333333	0.008726646250000001
35.936	0.296	0.008333333333333333	0.008726646250000001
35.969	0.338	0.008333333333333333	0.008726646250000001
36.003	0.365	0.008333333333333333	0.008726646250000001
36.036	0.373	0.008333333333333333	0.008726646250000001
36.069	0.362	0.008333333333333333	0.008726646250000001
36.103	0.332	0.008333333333333333	0.008726646250000001
36.136	0.289	0.008333333333333333	0.008726646250000001
36.169	0.229	0.008333333333333333	0.008726646250000001
36.203	0.158	0.008333333333333333	0.008726646250000001
36.236	0.07914	0.008333333333333333	0.008726646250000001
36.27	-0.00457	0.008333333333333333	0.008726646250000001
36.303	-0.08485	0.008333333333333333	0.008726646250000001
36.336	-0.161	0.008333333333333333	0.008726646250000001
36.37	-0.238	0.008333333333333333	0.008726646250000001
36.403	-0.302	0.008333333333333333	0.008726646250000001
36.436	-0.349	0.008333333333333333	0.008726646250000001
36.47	-0.383	0.008333333333333333	0.008726646250000001
36.503	-0.397	0.008333333333333333	0.008726646250000001
36.536	-0.396	0.008333333333333333	0.008726646250000001
36.57	-0.377	0.008333333333333333	0.008726646250000001
36.603	-0.34	0.008333333333333333	0.008726646250000001
36.637	-0.289	0.008333333333333333	0.008726646250000001
36.67	-0.224	0.008333333333333333	0.008726646250000001
36.703	-0.146	0.008333333333333333	0.008726646250000001
36.737	-0.06449	0.008333333333333333	0.008726646250000001
36.77	0.02589	0.008333333333333333	0.008726646250000001
36.803	0.109	0.008333333333333333	0.008726646250000001
36.837	0.191	0.008333333333333333	0.008726646250000001
36.87	0.262	0.008333333333333333	0.008726646250000001
36.904	0.322	0.008333333333333333	0.008726646250000001
36.937	0.365	0.008333333333333333	0.008726646250000001
36.97	0.392	0.008333333333333333	0.008726646250000001
37.004	0.399	0.008333333333333333	0.008726646250000001
37.037	0.39	0.008333333333333333	0.008726646250000001
37.07	0.359	0.008333333333333333	0.008726646250000001
37.104	0.314	0.008333333333333333	0.008726646250000001
37.137	0.256	0.008333333333333333	0.008726646250000001
37.17	0.18	0.008333333333333333	0.008726646250000001
37.204	0.1	0.008333333333333333	0.008726646250000001
37.237	0.01732	0.008333333333333333	0.008726646250000001
37.271	-0.06461	0.008333333333333333	0.008726646250000001
37.304	-0.148	0.008333333333333333	0.008726646250000001
37.337	-0.224	0.008333333333333333	0.008726646250000001
37.371	-0.289	0.008333333333333333	0.008726646250000001
37.404	-0.338	0.008333333333333333	0.008726646250000001
37.437	-0.374	0.008333333333333333	0.008726646250000001
37.471	-0.391	0.008333333333333333	0.008726646250000001
37.504	-0.39	0.008333333333333333	0.008726646250000001
37.538	-0.371	0.008333333333333333	0.008726646250000001
37.571	-0.334	0.008333333333333333	0.008726646250000001
37.604	-0.284	0.008333333333333333	0.008726646250000001
37.638	-0.219	0.008333333333333333	0.008726646250000001
37.671	-0.143	0.008333333333333333	0.008726646250000001
37.704	-0.06247	0.008333333333333333	0.008726646250000001
37.738	0.01913	0.008333333333333333	0.008726646250000001
37.771	0.104	0.008333333333333333	0.008726646250000001
37.804	0.185	0.008333333333333333	0.008726646250000001
37.838	0.257	0.008333333333333333	0.008726646250000001
37.871	0.315	0.008333333333333333	0.008726646250000001
37.905	0.359	0.008333333333333333	0.008726646250000001
37.938	0.386	0.008333333333333333	0.008726646250000001
37.971	0.394	0.008333333333333333	0.008726646250000001
38.005	0.385	0.008333333333333333	0.008726646250000001
38.038	0.358	0.008333333333333333	0.008726646250000001
38.071	0.315	0.008333333333333333	0.008726646250000001
38.105	0.255	0.008333333333333333	0.008726646250000001
38.138	0.185	0.008333333333333333	0.008726646250000001
38.171	0.103	0.008333333333333333	0.008726646250000001
38.205	0.02003	0.008333333333333333	0.008726646250000001
38.238	-0.06241	0.008333333333333333	0.008726646250000001
38.272	-0.147	0.008333333333333333	0.008726646250000001
38.305	-0.223	0.008333333333333333	0.008726646250000001
38.338	-0.289	0.008333333333333333	0.008726646250000001
38.372	-0.339	0.008333333333333333	0.008726646250000001
38.405	-0.376	0.008333333333333333	0.008726646250000001
38.438	-0.393	0.008333333333333333	0.008726646250000001
38.472	-0.393	0.008333333333333333	0.008726646250000001
38.505	-0.375	0.008333333333333333	0.008726646250000001
38.538	-0.339	0.008333333333333333	0.008726646250000001
38.572	-0.286	0.008333333333333333	0.008726646250000001
38.605	-0.221	0.008333333333333333	0.008726646250000001
38.639	-0.146	0.008333333333333333	0.008726646250000001
38.672	-0.06425	0.008333333333333333	0.008726646250000001
38.705	0.019	0.008333333333333333	0.008726646250000001
38.739	0.104	0.008333333333333333	0.008726646250000001
38.772	0.184	0.008333333333333333	0.008726646250000001
38.805	0.256	0.008333333333333333	0.008726646250000001
38.839	0.316	0.008333333333333333	0.008726646250000001
38.872	0.363	0.008333333333333333	0.008726646250000001
38.906	0.393	0.008333333333333333	0.008726646250000001
38.939	0.402	0.008333333333333333	0.008726646250000001
38.972	0.391	0.008333333333333333	0.008726646250000001
39.006	0.363	0.008333333333333333	0.008726646250000001
39.039	0.321	0.008333333333333333	0.008726646250000001
39.072	0.26	0.008333333333333333	0.008726646250000001
39.106	0.188	0.008333333333333333	0.008726646250000001
39.139	0.109	0.008333333333333333	0.008726646250000001
39.172	0.0245	0.008333333333333333	0.008726646250000001
39.206	-0.06122	0.008333333333333333	0.008726646250000001
39.239	-0.145	0.008333333333333333	0.008726646250000001
39.273	-0.222	0.008333333333333333	0.008726646250000001
39.306	-0.29	0.008333333333333333	0.008726646250000001
39.339	-0.344	0.008333333333333333	0.008726646250000001
39.373	-0.38	0.008333333333333333	0.008726646250000001
39.406	-0.398	0.008333333333333333	0.008726646250000001
39.439	-0.4	0.008333333333333333	0.008726646250000001
39.473	-0.382	0.008333333333333333	0.008726646250000001
39.506	-0.348	0.008333333333333333	0.008726646250000001
39.539	-0.296	0.008333333333333333	0.008726646250000001
39.573	-0.232	0.008333333333333333	0.008726646250000001
39.606	-0.158	0.008333333333333333	0.008726646250000001
39.64	-0.07643	0.008333333333333333	0.008726646250000001
39.673	0.006661	0.008333333333333333	0.008726646250000001
39.706	0.09074	0.008333333333333333	0.008726646250000001
39.74	0.174	0.008333333333333333	0.008726646250000001
39.773	0.246	0.008333333333333333	0.008726646250000001
39.806	0.304	0.008333333333333333	0.008726646250000001
39.84	0.349	0.008333333333333333	0.008726646250000001
39.873	0.38	0.008333333333333333	0.008726646250000001
39.907	0.39	0.008333333333333333	0.008726646250000001
39.94	0.381	0.008333333333333333	0.008726646250000001
39.973	0.353	0.008333333333333333	0.008726646250000001
40.007	0.31	0.008333333333333333	0.008726646250000001
40.04	0.251	0.008333333333333333	0.008726646250000001
40.073	0.182	0.008333333333333333	0.008726646250000001
40.107	0.122	0.008333333333333333	0.008726646250000001
40.14	0.03743	0.008333333333333333	0.008726646250000001
40.173	-0.04568	0.008333333333333333	0.008726646250000001
40.207	-0.124	0.008333333333333333	0.008726646250000001
40.24	-0.2	0.008333333333333333	0.008726646250000001
40.274	-0.263	0.008333333333333333	0.008726646250000001
40.307	-0.313	0.008333333333333333	0.008726646250000001
40.34	-0.349	0.008333333333333333	0.008726646250000001
40.374	-0.367	0.008333333333333333	0.008726646250000001
40.407	-0.368	0.008333333333333333	0.008726646250000001
40.44	-0.353	0.008333333333333333	0.008726646250000001
40.474	-0.32	0.008333333333333333	0.008726646250000001
40.507	-0.272	0.008333333333333333	0.008726646250000001
40.541	-0.211	0.008333333333333333	0.008726646250000001
40.574	-0.139	0.008333333333333333	0.008726646250000001
40.607	-0.06138	0.008333333333333333	0.008726646250000001
40.641	0.01946	0.008333333333333333	0.008726646250000001
40.674	0.102	0.008333333333333333	0.008726646250000001
40.707	0.18	0.008333333333333333	0.008726646250000001
40.741	0.251	0.008333333333333333	0.008726646250000001
40.774	0.311	0.008333333333333333	0.008726646250000001
40.807	0.357	0.008333333333333333	0.008726646250000001
40.841	0.386	0.008333333333333333	0.008726646250000001
40.874	0.397	0.008333333333333333	0.008726646250000001
40.908	0.39	0.008333333333333333	0.008726646250000001
40.941	0.363	0.008333333333333333	0.008726646250000001
40.974	0.32	0.008333333333333333	0.008726646250000001
41.008	0.263	0.008333333333333333	0.008726646250000001
41.041	0.194	0.008333333333333333	0.008726646250000001
41.074	0.117	0.008333333333333333	0.008726646250000001
41.108	0.03418	0.008333333333333333	0.008726646250000001
41.141	-0.04849	0.008333333333333333	0.008726646250000001
41.174	-0.128	0.008333333333333333	0.008726646250000001
41.208	-0.202	0.008333333333333333	0.008726646250000001
41.241	-0.267	0.008333333333333333	0.008726646250000001
41.275	-0.318	0.008333333333333333	0.008726646250000001
41.308	-0.355	0.008333333333333333	0.008726646250000001
41.341	-0.374	0.008333333333333333	0.008726646250000001
41.375	-0.377	0.008333333333333333	0.008726646250000001
41.408	-0.361	0.008333333333333333	0.008726646250000001
41.441	-0.329	0.008333333333333333	0.008726646250000001
41.475	-0.283	0.008333333333333333	0.008726646250000001
41.508	-0.223	0.008333333333333333	0.008726646250000001
41.541	-0.15	0.008333333333333333	0.008726646250000001
41.575	-0.07216	0.008333333333333333	0.008726646250000001
41.608	0.008262	0.008333333333333333	0.008726646250000001
41.642	0.09084	0.008333333333333333	0.008726646250000001
41.675	0.169	0.008333333333333333	0.008726646250000001
41.708	0.239	0.008333333333333333	0.008726646250000001
41.742	0.299	0.008333333333333333	0.008726646250000001
41.775	0.343	0.008333333333333333	0.008726646250000001
41.808	0.374	0.008333333333333333	0.008726646250000001
41.842	0.387	0.008333333333333333	0.008726646250000001
41.875	0.379	0.008333333333333333	0.008726646250000001
41.909	0.354	0.008333333333333333	0.008726646250000001
41.942	0.313	0.008333333333333333	0.008726646250000001
41.975	0.256	0.008333333333333333	0.008726646250000001
42.009	0.188	0.008333333333333333	0.008726646250000001
42.042	0.112	0.008333333333333333	0.008726646250000001
42.075	0.03064	0.008333333333333333	0.008726646250000001
42.109	-0.0519	0.008333333333333333	0.008726646250000001
42.142	-0.131	0.008333333333333333	0.008726646250000001
42.175	-0.206	0.008333333333333333	0.008726646250000001
42.209	-0.269	0.008333333333333333	0.008726646250000001
42.242	-0.319	0.008333333333333333	0.008726646250000001
42.276	-0.356	0.008333333333333333	0.008726646250000001
42.309	-0.377	0.008333333333333333	0.008726646250000001
42.342	-0.38	0.008333333333333333	0.008726646250000001
42.376	-0.365	0.008333333333333333	0.008726646250000001
42.409	-0.334	0.008333333333333333	0.008726646250000001
42.442	-0.287	0.008333333333333333	0.008726646250000001
42.476	-0.227	0.008333333333333333	0.008726646250000001
42.509	-0.157	0.008333333333333333	0.008726646250000001
42.542	-0.07861	0.008333333333333333	0.008726646250000001
42.576	0.001629	0.008333333333333333	0.008726646250000001
42.609	0.08454	0.008333333333333333	0.008726646250000001
42.643	0.161	0.008333333333333333	0.008726646250000001
42.676	0.233	0.008333333333333333	0.008726646250000001
42.709	0.294	0.008333333333333333	0.008726646250000001
42.743	0.339	0.008333333333333333	0.008726646250000001
42.776	0.37	0.008333333333333333	0.008726646250000001
42.809	0.384	0.008333333333333333	0.008726646250000001
42.843	0.379	0.008333333333333333	0.008726646250000001
42.876	0.355	0.008333333333333333	0.008726646250000001
42.91	0.314	0.008333333333333333	0.008726646250000001
42.943	0.26	0.008333333333333333	0.008726646250000001
42.976	0.192	0.008333333333333333	0.008726646250000001
43.01	0.117	0.008333333333333333	0.008726646250000001
43.043	0.03517	0.008333333333333333	0.008726646250000001
43.076	-0.04699	0.008333333333333333	0.008726646250000001
43.11	-0.125	0.008333333333333333	0.008726646250000001
43.143	-0.199	0.008333333333333333	0.008726646250000001
43.176	-0.261	0.008333333333333333	0.008726646250000001
43.21	-0.312	0.008333333333333333	0.008726646250000001
43.243	-0.348	0.008333333333333333	0.008726646250000001
43.277	-0.369	0.008333333333333333	0.008726646250000001
43.31	-0.372	0.008333333333333333	0.008726646250000001
43.343	-0.358	0.008333333333333333	0.008726646250000001
43.377	-0.327	0.008333333333333333	0.008726646250000001
43.41	-0.28	0.008333333333333333	0.008726646250000001
43.443	-0.221	0.008333333333333333	0.008726646250000001
43.477	-0.152	0.008333333333333333	0.008726646250000001
43.51	-0.07398	0.008333333333333333	0.008726646250000001
43.544	0.006876	0.008333333333333333	0.008726646250000001
43.577	0.08822	0.008333333333333333	0.008726646250000001
43.61	0.167	0.008333333333333333	0.008726646250000001
43.644	0.237	0.008333333333333333	0.008726646250000001
43.677	0.299	0.008333333333333333	0.008726646250000001
43.71	0.347	0.008333333333333333	0.008726646250000001
43.744	0.379	0.008333333333333333	0.008726646250000001
43.777	0.393	0.008333333333333333	0.008726646250000001
43.81	0.387	0.008333333333333333	0.008726646250000001
43.844	0.364	0.008333333333333333	0.008726646250000001
43.877	0.324	0.008333333333333333	0.008726646250000001
43.911	0.269	0.008333333333333333	0.008726646250000001
43.944	0.202	0.008333333333333333	0.008726646250000001
43.977	0.128	0.008333333333333333	0.008726646250000001
44.011	0.04741	0.008333333333333333	0.008726646250000001
44.044	-0.03425	0.008333333333333333	0.008726646250000001
44.077	-0.114	0.008333333333333333	0.008726646250000001
44.111	-0.186	0.008333333333333333	0.008726646250000001
44.144	-0.25	0.008333333333333333	0.008726646250000001
44.177	-0.301	0.008333333333333333	0.008726646250000001
44.211	-0.337	0.008333333333333333	0.008726646250000001
44.244	-0.357	0.008333333333333333	0.008726646250000001
44.278	-0.361	0.008333333333333333	0.008726646250000001
44.311	-0.347	0.008333333333333333	0.008726646250000001
44.344	-0.317	0.008333333333333333	0.008726646250000001
44.378	-0.271	0.008333333333333333	0.008726646250000001
44.411	-0.214	0.008333333333333333	0.008726646250000001
44.444	-0.143	0.008333333333333333	0.008726646250000001
44.478	-0.06801	0.008333333333333333	0.008726646250000001
44.511	0.01481	0.008333333333333333	0.008726646250000001
44.544	0.09769	0.008333333333333333	0.008726646250000001
44.578	0.177	0.008333333333333333	0.008726646250000001
44.611	0.228	0.008333333333333333	0.008726646250000001
44.645	0.289	0.008333333333333333	0.008726646250000001
44.678	0.34	0.008333333333333333	0.008726646250000001
44.711	0.37	0.008333333333333333	0.008726646250000001
44.745	0.386	0.008333333333333333	0.008726646250000001
44.778	0.381	0.008333333333333333	0.008726646250000001
44.811	0.356	0.008333333333333333	0.008726646250000001
44.845	0.316	0.008333333333333333	0.008726646250000001
44.878	0.259	0.008333333333333333	0.008726646250000001
44.912	0.192	0.008333333333333333	0.008726646250000001
44.945	0.117	0.008333333333333333	0.008726646250000001
44.978	0.03707	0.008333333333333333	0.008726646250000001
45.012	-0.04492	0.008333333333333333	0.008726646250000001
45.045	-0.112	0.008333333333333333	0.008726646250000001
45.078	-0.184	0.008333333333333333	0.008726646250000001
45.112	-0.269	0.008333333333333333	0.008726646250000001
45.145	-0.319	0.008333333333333333	0.008726646250000001
45.178	-0.357	0.008333333333333333	0.008726646250000001
45.212	-0.379	0.008333333333333333	0.008726646250000001
45.245	-0.38	0.008333333333333333	0.008726646250000001
45.279	-0.368	0.008333333333333333	0.008726646250000001
45.312	-0.337	0.008333333333333333	0.008726646250000001
45.345	-0.291	0.008333333333333333	0.008726646250000001
45.379	-0.23	0.008333333333333333	0.008726646250000001
45.412	-0.159	0.008333333333333333	0.008726646250000001
45.445	-0.07891	0.008333333333333333	0.008726646250000001
45.479	0.006992	0.008333333333333333	0.008726646250000001
45.512	0.09057	0.008333333333333333	0.008726646250000001
45.545	0.17	0.008333333333333333	0.008726646250000001
45.579	0.243	0.008333333333333333	0.008726646250000001
45.612	0.303	0.008333333333333333	0.008726646250000001
45.646	0.349	0.008333333333333333	0.008726646250000001
45.679	0.38	0.008333333333333333	0.008726646250000001
45.712	0.391	0.008333333333333333	0.008726646250000001
45.746	0.387	0.008333333333333333	0.008726646250000001
45.779	0.364	0.008333333333333333	0.008726646250000001
45.812	0.325	0.008333333333333333	0.008726646250000001
45.846	0.27	0.008333333333333333	0.008726646250000001
45.879	0.202	0.008333333333333333	0.008726646250000001
45.913	0.125	0.008333333333333333	0.008726646250000001
45.946	0.04287	0.008333333333333333	0.008726646250000001
45.979	-0.03949	0.008333333333333333	0.008726646250000001
46.013	-0.12	0.008333333333333333	0.008726646250000001
46.046	-0.194	0.008333333333333333	0.008726646250000001
46.079	-0.258	0.008333333333333333	0.008726646250000001
46.113	-0.312	0.008333333333333333	0.008726646250000001
46.146	-0.35	0.008333333333333333	0.008726646250000001
46.179	-0.371	0.008333333333333333	0.008726646250000001
46.213	-0.375	0.008333333333333333	0.008726646250000001
46.246	-0.363	0.008333333333333333	0.008726646250000001
46.28	-0.332	0.008333333333333333	0.008726646250000001
46.313	-0.286	0.008333333333333333	0.008726646250000001
46.346	-0.226	0.008333333333333333	0.008726646250000001
46.38	-0.155	0.008333333333333333	0.008726646250000001
46.413	-0.07851	0.008333333333333333	0.008726646250000001
46.446	0.006729	0.008333333333333333	0.008726646250000001
46.48	0.08767	0.008333333333333333	0.008726646250000001
46.513	0.165	0.008333333333333333	0.008726646250000001
46.547	0.236	0.008333333333333333	0.008726646250000001
46.58	0.297	0.008333333333333333	0.008726646250000001
46.613	0.344	0.008333333333333333	0.008726646250000001
46.647	0.372	0.008333333333333333	0.008726646250000001
46.68	0.386	0.008333333333333333	0.008726646250000001
46.713	0.381	0.008333333333333333	0.008726646250000001
46.747	0.359	0.008333333333333333	0.008726646250000001
46.78	0.321	0.008333333333333333	0.008726646250000001
46.813	0.266	0.008333333333333333	0.008726646250000001
46.847	0.198	0.008333333333333333	0.008726646250000001
46.88	0.125	0.008333333333333333	0.008726646250000001
46.914	0.04499	0.008333333333333333	0.008726646250000001
46.947	-0.04197	0.008333333333333333	0.008726646250000001
46.98	-0.119	0.008333333333333333	0.008726646250000001
47.014	-0.194	0.008333333333333333	0.008726646250000001
47.047	-0.261	0.008333333333333333	0.008726646250000001
47.08	-0.311	0.008333333333333333	0.008726646250000001
47.114	-0.35	0.008333333333333333	0.008726646250000001
47.147	-0.373	0.008333333333333333	0.008726646250000001
47.18	-0.377	0.008333333333333333	0.008726646250000001
47.214	-0.365	0.008333333333333333	0.008726646250000001
47.247	-0.335	0.008333333333333333	0.008726646250000001
47.281	-0.291	0.008333333333333333	0.008726646250000001
47.314	-0.234	0.008333333333333333	0.008726646250000001
47.347	-0.164	0.008333333333333333	0.008726646250000001
47.381	-0.08812	0.008333333333333333	0.008726646250000001
47.414	-0.007854	0.008333333333333333	0.008726646250000001
47.447	0.07277	0.008333333333333333	0.008726646250000001
47.481	0.148	0.008333333333333333	0.008726646250000001
47.514	0.234	0.008333333333333333	0.008726646250000001
47.547	0.294	0.008333333333333333	0.008726646250000001
47.581	0.343	0.008333333333333333	0.008726646250000001
47.614	0.371	0.008333333333333333	0.008726646250000001
47.648	0.383	0.008333333333333333	0.008726646250000001
47.681	0.379	0.008333333333333333	0.008726646250000001
47.714	0.356	0.008333333333333333	0.008726646250000001
47.748	0.318	0.008333333333333333	0.008726646250000001
47.781	0.265	0.008333333333333333	0.008726646250000001
47.814	0.199	0.008333333333333333	0.008726646250000001
47.848	0.126	0.008333333333333333	0.008726646250000001
47.881	0.04536	0.008333333333333333	0.008726646250000001
47.915	-0.0363	0.008333333333333333	0.008726646250000001
47.948	-0.119	0.008333333333333333	0.008726646250000001
47.981	-0.194	0.008333333333333333	0.008726646250000001
48.015	-0.258	0.008333333333333333	0.008726646250000001
48.048	-0.31	0.008333333333333333	0.008726646250000001
48.081	-0.346	0.008333333333333333	0.008726646250000001
48.115	-0.367	0.008333333333333333	0.008726646250000001
48.148	-0.372	0.008333333333333333	0.008726646250000001
48.181	-0.36	0.008333333333333333	0.008726646250000001
48.215	-0.332	0.008333333333333333	0.008726646250000001
48.248	-0.289	0.008333333333333333	0.008726646250000001
48.282	-0.234	0.008333333333333333	0.008726646250000001
48.315	-0.161	0.008333333333333333	0.008726646250000001
48.348	-0.0878	0.008333333333333333	0.008726646250000001
48.382	-0.01124	0.008333333333333333	0.008726646250000001
48.415	0.08689	0.008333333333333333	0.008726646250000001
48.448	0.164	0.008333333333333333	0.008726646250000001
48.482	0.234	0.008333333333333333	0.008726646250000001
48.515	0.292	0.008333333333333333	0.008726646250000001
48.548	0.34	0.008333333333333333	0.008726646250000001
48.582	0.368	0.008333333333333333	0.008726646250000001
48.615	0.381	0.008333333333333333	0.008726646250000001
48.649	0.377	0.008333333333333333	0.008726646250000001
48.682	0.357	0.008333333333333333	0.008726646250000001
48.715	0.319	0.008333333333333333	0.008726646250000001
48.749	0.264	0.008333333333333333	0.008726646250000001
48.782	0.198	0.008333333333333333	0.008726646250000001
48.815	0.125	0.008333333333333333	0.008726646250000001
48.849	0.04393	0.008333333333333333	0.008726646250000001
48.882	0.004282	0.008333333333333333	0.008726646250000001
48.916	-0.08841	0.008333333333333333	0.008726646250000001
48.949	-0.163	0.008333333333333333	0.008726646250000001
48.982	-0.233	0.008333333333333333	0.008726646250000001
49.016	-0.29	0.008333333333333333	0.008726646250000001
49.049	-0.334	0.008333333333333333	0.008726646250000001
49.082	-0.363	0.008333333333333333	0.008726646250000001
49.116	-0.376	0.008333333333333333	0.008726646250000001
49.149	-0.372	0.008333333333333333	0.008726646250000001
49.182	-0.352	0.008333333333333333	0.008726646250000001
49.216	-0.317	0.008333333333333333	0.008726646250000001
49.249	-0.265	0.008333333333333333	0.008726646250000001
49.283	-0.196	0.008333333333333333	0.008726646250000001
49.316	-0.126	0.008333333333333333	0.008726646250000001
49.349	-0.04687	0.008333333333333333	0.008726646250000001
49.383	0.03034	0.008333333333333333	0.008726646250000001
49.416	0.108	0.008333333333333333	0.008726646250000001
49.449	0.181	0.008333333333333333	0.008726646250000001
49.483	0.243	0.008333333333333333	0.008726646250000001
49.516	0.294	0.008333333333333333	0.008726646250000001
49.55	0.332	0.008333333333333333	0.008726646250000001
49.583	0.354	0.008333333333333333	0.008726646250000001
49.616	0.357	0.008333333333333333	0.008726646250000001
49.65	0.343	0.008333333333333333	0.008726646250000001
49.683	0.312	0.008333333333333333	0.008726646250000001
49.716	0.267	0.008333333333333333	0.008726646250000001
49.75	0.206	0.008333333333333333	0.008726646250000001
49.783	0.135	0.008333333333333333	0.008726646250000001
49.816	0.06142	0.008333333333333333	0.008726646250000001
49.85	-0.01682	0.008333333333333333	0.008726646250000001
49.883	-0.09344	0.008333333333333333	0.008726646250000001
49.917	-0.169	0.008333333333333333	0.008726646250000001
49.95	-0.238	0.008333333333333333	0.008726646250000001
49.983	-0.295	0.008333333333333333	0.008726646250000001
50.017	-0.34	0.008333333333333333	0.008726646250000001
50.05	-0.368	0.008333333333333333	0.008726646250000001
50.083	-0.381	0.008333333333333333	0.008726646250000001
50.117	-0.377	0.008333333333333333	0.008726646250000001
50.15	-0.357	0.008333333333333333	0.008726646250000001
50.183	-0.321	0.008333333333333333	0.008726646250000001
50.217	-0.271	0.008333333333333333	0.008726646250000001
50.25	-0.208	0.008333333333333333	0.008726646250000001
50.284	-0.136	0.008333333333333333	0.008726646250000001
50.317	-0.0588	0.008333333333333333	0.008726646250000001
50.35	0.02092	0.008333333333333333	0.008726646250000001
50.384	0.09943	0.008333333333333333	0.008726646250000001
50.417	0.174	0.008333333333333333	0.008726646250000001
50.45	0.239	0.008333333333333333	0.008726646250000001
50.484	0.293	0.008333333333333333	0.008726646250000001
50.517	0.332	0.008333333333333333	0.008726646250000001
50.55	0.358	0.008333333333333333	0.008726646250000001
50.584	0.364	0.008333333333333333	0.008726646250000001
50.617	0.351	0.008333333333333333	0.008726646250000001
50.651	0.324	0.008333333333333333	0.008726646250000001
50.684	0.276	0.008333333333333333	0.008726646250000001
50.717	0.219	0.008333333333333333	0.008726646250000001
50.751	0.149	0.008333333333333333	0.008726646250000001
50.784	0.07514	0.008333333333333333	0.008726646250000001
50.817	-0.002677	0.008333333333333333	0.008726646250000001
50.851	-0.07922	0.008333333333333333	0.008726646250000001
50.884	-0.157	0.008333333333333333	0.008726646250000001
50.918	-0.224	0.008333333333333333	0.008726646250000001
50.951	-0.282	0.008333333333333333	0.008726646250000001
50.984	-0.328	0.008333333333333333	0.008726646250000001
51.018	-0.359	0.008333333333333333	0.008726646250000001
51.051	-0.372	0.008333333333333333	0.008726646250000001
51.084	-0.368	0.008333333333333333	0.008726646250000001
51.118	-0.347	0.008333333333333333	0.008726646250000001
51.151	-0.31	0.008333333333333333	0.008726646250000001
51.184	-0.256	0.008333333333333333	0.008726646250000001
51.218	-0.193	0.008333333333333333	0.008726646250000001
51.251	-0.121	0.008333333333333333	0.008726646250000001
51.285	-0.04437	0.008333333333333333	0.008726646250000001
51.318	0.03866	0.008333333333333333	0.008726646250000001
51.351	0.117	0.008333333333333333	0.008726646250000001
51.385	0.191	0.008333333333333333	0.008726646250000001
51.418	0.255	0.008333333333333333	0.008726646250000001
51.451	0.307	0.008333333333333333	0.008726646250000001
51.485	0.347	0.008333333333333333	0.008726646250000001
51.518	0.365	0.008333333333333333	0.008726646250000001
51.551	0.37	0.008333333333333333	0.008726646250000001
51.585	0.358	0.008333333333333333	0.008726646250000001
51.618	0.33	0.008333333333333333	0.008726646250000001
51.652	0.282	0.008333333333333333	0.008726646250000001
51.685	0.226	0.008333333333333333	0.008726646250000001
51.718	0.155	0.008333333333333333	0.008726646250000001
51.752	0.0812	0.008333333333333333	0.008726646250000001
51.785	0.003316	0.008333333333333333	0.008726646250000001
51.818	-0.07408	0.008333333333333333	0.008726646250000001
51.852	-0.151	0.008333333333333333	0.008726646250000001
51.885	-0.219	0.008333333333333333	0.008726646250000001
51.919	-0.278	0.008333333333333333	0.008726646250000001
51.952	-0.322	0.008333333333333333	0.008726646250000001
51.985	-0.353	0.008333333333333333	0.008726646250000001
52.019	-0.365	0.008333333333333333	0.008726646250000001
52.052	-0.361	0.008333333333333333	0.008726646250000001
52.085	-0.342	0.008333333333333333	0.008726646250000001
52.119	-0.306	0.008333333333333333	0.008726646250000001
52.152	-0.256	0.008333333333333333	0.008726646250000001
52.185	-0.195	0.008333333333333333	0.008726646250000001
52.219	-0.121	0.008333333333333333	0.008726646250000001
52.252	-0.04701	0.008333333333333333	0.008726646250000001
52.286	0.03182	0.008333333333333333	0.008726646250000001
52.319	0.108	0.008333333333333333	0.008726646250000001
52.352	0.179	0.008333333333333333	0.008726646250000001
52.386	0.242	0.008333333333333333	0.008726646250000001
52.419	0.294	0.008333333333333333	0.008726646250000001
52.452	0.33	0.008333333333333333	0.008726646250000001
52.486	0.352	0.008333333333333333	0.008726646250000001
52.519	0.357	0.008333333333333333	0.008726646250000001
52.553	0.345	0.008333333333333333	0.008726646250000001
52.586	0.315	0.008333333333333333	0.008726646250000001
52.619	0.271	0.008333333333333333	0.008726646250000001
52.653	0.214	0.008333333333333333	0.008726646250000001
52.686	0.148	0.008333333333333333	0.008726646250000001
52.719	0.07425	0.008333333333333333	0.008726646250000001
52.753	-0.001901	0.008333333333333333	0.008726646250000001
52.786	-0.07514	0.008333333333333333	0.008726646250000001
52.819	-0.149	0.008333333333333333	0.008726646250000001
52.853	-0.218	0.008333333333333333	0.008726646250000001
52.886	-0.274	0.008333333333333333	0.008726646250000001
52.92	-0.317	0.008333333333333333	0.008726646250000001
52.953	-0.347	0.008333333333333333	0.008726646250000001
52.986	-0.359	0.008333333333333333	0.008726646250000001
53.02	-0.356	0.008333333333333333	0.008726646250000001
53.053	-0.336	0.008333333333333333	0.008726646250000001
53.086	-0.302	0.008333333333333333	0.008726646250000001
53.12	-0.254	0.008333333333333333	0.008726646250000001
53.153	-0.192	0.008333333333333333	0.008726646250000001
53.186	-0.122	0.008333333333333333	0.008726646250000001
53.22	-0.04867	0.008333333333333333	0.008726646250000001
53.253	0.04258	0.008333333333333333	0.008726646250000001
53.287	0.118	0.008333333333333333	0.008726646250000001
53.32	0.19	0.008333333333333333	0.008726646250000001
53.353	0.255	0.008333333333333333	0.008726646250000001
53.387	0.306	0.008333333333333333	0.008726646250000001
53.42	0.345	0.008333333333333333	0.008726646250000001
53.453	0.363	0.008333333333333333	0.008726646250000001
53.487	0.367	0.008333333333333333	0.008726646250000001
53.52	0.355	0.008333333333333333	0.008726646250000001
53.553	0.325	0.008333333333333333	0.008726646250000001
53.587	0.282	0.008333333333333333	0.008726646250000001
53.62	0.224	0.008333333333333333	0.008726646250000001
53.654	0.157	0.008333333333333333	0.008726646250000001
53.687	0.08142	0.008333333333333333	0.008726646250000001
53.72	0.004361	0.008333333333333333	0.008726646250000001
53.754	-0.07529	0.008333333333333333	0.008726646250000001
53.787	-0.149	0.008333333333333333	0.008726646250000001
53.82	-0.217	0.008333333333333333	0.008726646250000001
53.854	-0.274	0.008333333333333333	0.008726646250000001
53.887	-0.32	0.008333333333333333	0.008726646250000001
53.921	-0.348	0.008333333333333333	0.008726646250000001
53.954	-0.359	0.008333333333333333	0.008726646250000001
53.987	-0.358	0.008333333333333333	0.008726646250000001
54.021	-0.338	0.008333333333333333	0.008726646250000001
54.054	-0.303	0.008333333333333333	0.008726646250000001
54.087	-0.255	0.008333333333333333	0.008726646250000001
54.121	-0.187	0.008333333333333333	0.008726646250000001
54.154	-0.12	0.008333333333333333	0.008726646250000001
54.187	-0.04426	0.008333333333333333	0.008726646250000001
54.221	0.03548	0.008333333333333333	0.008726646250000001
54.254	0.116	0.008333333333333333	0.008726646250000001
54.288	0.185	0.008333333333333333	0.008726646250000001
54.321	0.251	0.008333333333333333	0.008726646250000001
54.354	0.302	0.008333333333333333	0.008726646250000001
54.388	0.339	0.008333333333333333	0.008726646250000001
54.421	0.361	0.008333333333333333	0.008726646250000001
54.454	0.365	0.008333333333333333	0.008726646250000001
54.488	0.353	0.008333333333333333	0.008726646250000001
54.521	0.317	0.008333333333333333	0.008726646250000001
54.554	0.269	0.008333333333333333	0.008726646250000001
54.588	0.209	0.008333333333333333	0.008726646250000001
54.621	0.145	0.008333333333333333	0.008726646250000001
54.655	0.06922	0.008333333333333333	0.008726646250000001
54.688	-0.01049	0.008333333333333333	0.008726646250000001
54.721	-0.08567	0.008333333333333333	0.008726646250000001
54.755	-0.154	0.008333333333333333	0.008726646250000001
54.788	-0.224	0.008333333333333333	0.008726646250000001
54.821	-0.281	0.008333333333333333	0.008726646250000001
54.855	-0.325	0.008333333333333333	0.008726646250000001
54.888	-0.352	0.008333333333333333	0.008726646250000001
54.922	-0.363	0.008333333333333333	0.008726646250000001
54.955	-0.359	0.008333333333333333	0.008726646250000001
54.988	-0.34	0.008333333333333333	0.008726646250000001
55.022	-0.305	0.008333333333333333	0.008726646250000001
55.055	-0.254	0.008333333333333333	0.008726646250000001
55.088	-0.194	0.008333333333333333	0.008726646250000001
55.122	-0.124	0.008333333333333333	0.008726646250000001
55.155	-0.05299	0.008333333333333333	0.008726646250000001
55.188	0.02199	0.008333333333333333	0.008726646250000001
55.222	0.09715	0.008333333333333333	0.008726646250000001
55.255	0.166	0.008333333333333333	0.008726646250000001
55.289	0.228	0.008333333333333333	0.008726646250000001
55.322	0.279	0.008333333333333333	0.008726646250000001
55.355	0.315	0.008333333333333333	0.008726646250000001
55.389	0.335	0.008333333333333333	0.008726646250000001
55.422	0.339	0.008333333333333333	0.008726646250000001
55.455	0.327	0.008333333333333333	0.008726646250000001
55.489	0.298	0.008333333333333333	0.008726646250000001
55.522	0.255	0.008333333333333333	0.008726646250000001
55.556	0.197	0.008333333333333333	0.008726646250000001
55.589	0.13	0.008333333333333333	0.008726646250000001
55.622	0.05873	0.008333333333333333	0.008726646250000001
55.656	-0.01658	0.008333333333333333	0.008726646250000001
55.689	-0.09015	0.008333333333333333	0.008726646250000001
55.722	-0.162	0.008333333333333333	0.008726646250000001
55.756	-0.23	0.008333333333333333	0.008726646250000001
55.789	-0.285	0.008333333333333333	0.008726646250000001
55.822	-0.328	0.008333333333333333	0.008726646250000001
55.856	-0.356	0.008333333333333333	0.008726646250000001
55.889	-0.369	0.008333333333333333	0.008726646250000001
55.923	-0.364	0.008333333333333333	0.008726646250000001
55.956	-0.343	0.008333333333333333	0.008726646250000001
55.989	-0.309	0.008333333333333333	0.008726646250000001
56.023	-0.26	0.008333333333333333	0.008726646250000001
56.056	-0.201	0.008333333333333333	0.008726646250000001
56.089	-0.131	0.008333333333333333	0.008726646250000001
56.123	-0.05761	0.008333333333333333	0.008726646250000001
56.156	0.01685	0.008333333333333333	0.008726646250000001
56.189	0.09088	0.008333333333333333	0.008726646250000001
56.223	0.162	0.008333333333333333	0.008726646250000001
56.256	0.225	0.008333333333333333	0.008726646250000001
56.29	0.275	0.008333333333333333	0.008726646250000001
56.323	0.311	0.008333333333333333	0.008726646250000001
56.356	0.332	0.008333333333333333	0.008726646250000001
56.39	0.336	0.008333333333333333	0.008726646250000001
56.423	0.324	0.008333333333333333	0.008726646250000001
56.456	0.296	0.008333333333333333	0.008726646250000001
56.49	0.253	0.008333333333333333	0.008726646250000001
56.523	0.197	0.008333333333333333	0.008726646250000001
56.556	0.131	0.008333333333333333	0.008726646250000001
56.59	0.0573	0.008333333333333333	0.008726646250000001
56.623	-0.01752	0.008333333333333333	0.008726646250000001
56.657	-0.09283	0.008333333333333333	0.008726646250000001
56.69	-0.164	0.008333333333333333	0.008726646250000001
56.723	-0.228	0.008333333333333333	0.008726646250000001
56.757	-0.283	0.008333333333333333	0.008726646250000001
56.79	-0.324	0.008333333333333333	0.008726646250000001
56.823	-0.353	0.008333333333333333	0.008726646250000001
56.857	-0.364	0.008333333333333333	0.008726646250000001
56.89	-0.36	0.008333333333333333	0.008726646250000001
56.924	-0.341	0.008333333333333333	0.008726646250000001
56.957	-0.307	0.008333333333333333	0.008726646250000001
56.99	-0.258	0.008333333333333333	0.008726646250000001
57.024	-0.197	0.008333333333333333	0.008726646250000001
57.057	-0.129	0.008333333333333333	0.008726646250000001
57.09	-0.05457	0.008333333333333333	0.008726646250000001
57.124	0.02212	0.008333333333333333	0.008726646250000001
57.157	0.09605	0.008333333333333333	0.008726646250000001
57.19	0.166	0.008333333333333333	0.008726646250000001
57.224	0.227	0.008333333333333333	0.008726646250000001
57.257	0.278	0.008333333333333333	0.008726646250000001
57.291	0.313	0.008333333333333333	0.008726646250000001
57.324	0.333	0.008333333333333333	0.008726646250000001
57.357	0.337	0.008333333333333333	0.008726646250000001
57.391	0.326	0.008333333333333333	0.008726646250000001
57.424	0.298	0.008333333333333333	0.008726646250000001
57.457	0.255	0.008333333333333333	0.008726646250000001
57.491	0.199	0.008333333333333333	0.008726646250000001
57.524	0.135	0.008333333333333333	0.008726646250000001
57.557	0.06489	0.008333333333333333	0.008726646250000001
57.591	-0.009575	0.008333333333333333	0.008726646250000001
57.624	-0.08067	0.008333333333333333	0.008726646250000001
57.658	-0.149	0.008333333333333333	0.008726646250000001
57.691	-0.213	0.008333333333333333	0.008726646250000001
57.724	-0.276	0.008333333333333333	0.008726646250000001
57.758	-0.32	0.008333333333333333	0.008726646250000001
57.791	-0.348	0.008333333333333333	0.008726646250000001
57.824	-0.36	0.008333333333333333	0.008726646250000001
57.858	-0.356	0.008333333333333333	0.008726646250000001
57.891	-0.334	0.008333333333333333	0.008726646250000001
57.925	-0.299	0.008333333333333333	0.008726646250000001
57.958	-0.251	0.008333333333333333	0.008726646250000001
57.991	-0.191	0.008333333333333333	0.008726646250000001
58.025	-0.123	0.008333333333333333	0.008726646250000001
58.058	-0.04899	0.008333333333333333	0.008726646250000001
58.091	0.03231	0.008333333333333333	0.008726646250000001
58.125	0.106	0.008333333333333333	0.008726646250000001
58.158	0.175	0.008333333333333333	0.008726646250000001
58.191	0.238	0.008333333333333333	0.008726646250000001
58.225	0.288	0.008333333333333333	0.008726646250000001
58.258	0.324	0.008333333333333333	0.008726646250000001
58.292	0.343	0.008333333333333333	0.008726646250000001
58.325	0.347	0.008333333333333333	0.008726646250000001
58.358	0.334	0.008333333333333333	0.008726646250000001
58.392	0.305	0.008333333333333333	0.008726646250000001
58.425	0.261	0.008333333333333333	0.008726646250000001
58.458	0.206	0.008333333333333333	0.008726646250000001
58.492	0.139	0.008333333333333333	0.008726646250000001
58.525	0.0687	0.008333333333333333	0.008726646250000001
58.559	-0.007165	0.008333333333333333	0.008726646250000001
58.592	-0.08077	0.008333333333333333	0.008726646250000001
58.625	-0.16	0.008333333333333333	0.008726646250000001
58.659	-0.225	0.008333333333333333	0.008726646250000001
58.692	-0.279	0.008333333333333333	0.008726646250000001
58.725	-0.322	0.008333333333333333	0.008726646250000001
58.759	-0.349	0.008333333333333333	0.008726646250000001
58.792	-0.361	0.008333333333333333	0.008726646250000001
58.825	-0.356	0.008333333333333333	0.008726646250000001
58.859	-0.335	0.008333333333333333	0.008726646250000001
58.892	-0.3	0.008333333333333333	0.008726646250000001
58.926	-0.25	0.008333333333333333	0.008726646250000001
58.959	-0.19	0.008333333333333333	0.008726646250000001
58.992	-0.121	0.008333333333333333	0.008726646250000001
59.026	-0.04748	0.008333333333333333	0.008726646250000001
59.059	0.0307	0.008333333333333333	0.008726646250000001
59.092	0.107	0.008333333333333333	0.008726646250000001
59.126	0.176	0.008333333333333333	0.008726646250000001
59.159	0.237	0.008333333333333333	0.008726646250000001
59.192	0.287	0.008333333333333333	0.008726646250000001
59.226	0.322	0.008333333333333333	0.008726646250000001
59.259	0.342	0.008333333333333333	0.008726646250000001
59.293	0.347	0.008333333333333333	0.008726646250000001
59.326	0.333	0.008333333333333333	0.008726646250000001
59.359	0.303	0.008333333333333333	0.008726646250000001
59.393	0.26	0.008333333333333333	0.008726646250000001
59.426	0.202	0.008333333333333333	0.008726646250000001
59.459	0.136	0.008333333333333333	0.008726646250000001
59.493	0.06474	0.008333333333333333	0.008726646250000001
59.526	-0.009612	0.008333333333333333	0.008726646250000001
59.559	-0.08209	0.008333333333333333	0.008726646250000001
59.593	-0.162	0.008333333333333333	0.008726646250000001
59.626	-0.226	0.008333333333333333	0.008726646250000001
59.66	-0.28	0.008333333333333333	0.008726646250000001
59.693	-0.322	0.008333333333333333	0.008726646250000001
59.726	-0.348	0.008333333333333333	0.008726646250000001
59.76	-0.359	0.008333333333333333	0.008726646250000001
59.793	-0.354	0.008333333333333333	0.008726646250000001
59.826	-0.333	0.008333333333333333	0.008726646250000001
59.86	-0.297	0.008333333333333333	0.008726646250000001
59.893	-0.248	0.008333333333333333	0.008726646250000001
59.927	-0.188	0.008333333333333333	0.008726646250000001
59.96	-0.12	0.008333333333333333	0.008726646250000001
59.993	-0.04774	0.008333333333333333	0.008726646250000001
60.027	0.02833	0.008333333333333333	0.008726646250000001
60.06	0.102	0.008333333333333333	0.008726646250000001
60.093	0.171	0.008333333333333333	0.008726646250000001
60.127	0.229	0.008333333333333333	0.008726646250000001
60.16	0.278	0.008333333333333333	0.008726646250000001
60.193	0.313	0.008333333333333333	0.008726646250000001
60.227	0.331	0.008333333333333333	0.008726646250000001
60.26	0.334	0.008333333333333333	0.008726646250000001
60.294	0.32	0.008333333333333333	0.008726646250000001
60.327	0.291	0.008333333333333333	0.008726646250000001
60.36	0.247	0.008333333333333333	0.008726646250000001
60.394	0.19	0.008333333333333333	0.008726646250000001
60.427	0.124	0.008333333333333333	0.008726646250000001
60.46	0.05282	0.008333333333333333	0.008726646250000001
60.494	-0.02257	0.008333333333333333	0.008726646250000001
60.527	-0.09721	0.008333333333333333	0.008726646250000001
60.56	-0.167	0.008333333333333333	0.008726646250000001
60.594	-0.229	0.008333333333333333	0.008726646250000001
60.627	-0.282	0.008333333333333333	0.008726646250000001
60.661	-0.322	0.008333333333333333	0.008726646250000001
60.694	-0.348	0.008333333333333333	0.008726646250000001
60.727	-0.358	0.008333333333333333	0.008726646250000001
60.761	-0.352	0.008333333333333333	0.008726646250000001
60.794	-0.331	0.008333333333333333	0.008726646250000001
60.827	-0.295	0.008333333333333333	0.008726646250000001
60.861	-0.246	0.008333333333333333	0.008726646250000001
60.894	-0.187	0.008333333333333333	0.008726646250000001
60.928	-0.119	0.008333333333333333	0.008726646250000001
60.961	-0.04683	0.008333333333333333	0.008726646250000001
60.994	0.0278	0.008333333333333333	0.008726646250000001
61.028	0.0999	0.008333333333333333	0.008726646250000001
61.061	0.167	0.008333333333333333	0.008726646250000001
61.094	0.228	0.008333333333333333	0.008726646250000001
61.128	0.276	0.008333333333333333	0.008726646250000001
61.161	0.31	0.008333333333333333	0.008726646250000001
61.194	0.329	0.008333333333333333	0.008726646250000001
61.228	0.332	0.008333333333333333	0.008726646250000001
61.261	0.317	0.008333333333333333	0.008726646250000001
61.295	0.287	0.008333333333333333	0.008726646250000001
61.328	0.243	0.008333333333333333	0.008726646250000001
61.361	0.186	0.008333333333333333	0.008726646250000001
61.395	0.12	0.008333333333333333	0.008726646250000001
61.428	0.04753	0.008333333333333333	0.008726646250000001
61.461	-0.02653	0.008333333333333333	0.008726646250000001
61.495	-0.1	0.008333333333333333	0.008726646250000001
61.528	-0.17	0.008333333333333333	0.008726646250000001
61.562	-0.232	0.008333333333333333	0.008726646250000001
61.595	-0.287	0.008333333333333333	0.008726646250000001
61.628	-0.323	0.008333333333333333	0.008726646250000001
61.662	-0.351	0.008333333333333333	0.008726646250000001
61.695	-0.361	0.008333333333333333	0.008726646250000001
61.728	-0.354	0.008333333333333333	0.008726646250000001
61.762	-0.333	0.008333333333333333	0.008726646250000001
61.795	-0.298	0.008333333333333333	0.008726646250000001
61.828	-0.249	0.008333333333333333	0.008726646250000001
61.862	-0.189	0.008333333333333333	0.008726646250000001
61.895	-0.117	0.008333333333333333	0.008726646250000001
61.929	-0.04887	0.008333333333333333	0.008726646250000001
61.962	0.02362	0.008333333333333333	0.008726646250000001
61.995	0.09471	0.008333333333333333	0.008726646250000001
62.029	0.128	0.008333333333333333	0.008726646250000001
62.062	0.19	0.008333333333333333	0.008726646250000001
62.095	0.243	0.008333333333333333	0.008726646250000001
62.129	0.284	0.008333333333333333	0.008726646250000001
62.162	0.309	0.008333333333333333	0.008726646250000001
62.195	0.32	0.008333333333333333	0.008726646250000001
62.229	0.314	0.008333333333333333	0.008726646250000001
62.262	0.292	0.008333333333333333	0.008726646250000001
62.296	0.255	0.008333333333333333	0.008726646250000001
62.329	0.205	0.008333333333333333	0.008726646250000001
62.362	0.146	0.008333333333333333	0.008726646250000001
62.396	0.07805	0.008333333333333333	0.008726646250000001
62.429	0.006355	0.008333333333333333	0.008726646250000001
62.462	-0.06341	0.008333333333333333	0.008726646250000001
62.496	-0.135	0.008333333333333333	0.008726646250000001
62.529	-0.204	0.008333333333333333	0.008726646250000001
62.562	-0.26	0.008333333333333333	0.008726646250000001
62.596	-0.304	0.008333333333333333	0.008726646250000001
62.629	-0.333	0.008333333333333333	0.008726646250000001
62.663	-0.349	0.008333333333333333	0.008726646250000001
62.696	-0.352	0.008333333333333333	0.008726646250000001
62.729	-0.338	0.008333333333333333	0.008726646250000001
62.763	-0.307	0.008333333333333333	0.008726646250000001
62.796	-0.267	0.008333333333333333	0.008726646250000001
62.829	-0.213	0.008333333333333333	0.008726646250000001
62.863	-0.146	0.008333333333333333	0.008726646250000001
62.896	-0.0765	0.008333333333333333	0.008726646250000001
62.93	-0.006428	0.008333333333333333	0.008726646250000001
62.963	0.06475	0.008333333333333333	0.008726646250000001
62.996	0.134	0.008333333333333333	0.008726646250000001
63.03	0.197	0.008333333333333333	0.008726646250000001
63.063	0.264	0.008333333333333333	0.008726646250000001
63.096	0.305	0.008333333333333333	0.008726646250000001
63.13	0.332	0.008333333333333333	0.008726646250000001
63.163	0.343	0.008333333333333333	0.008726646250000001
63.196	0.339	0.008333333333333333	0.008726646250000001
63.23	0.314	0.008333333333333333	0.008726646250000001
63.263	0.276	0.008333333333333333	0.008726646250000001
63.297	0.224	0.008333333333333333	0.008726646250000001
63.33	0.162	0.008333333333333333	0.008726646250000001
63.363	0.09336	0.008333333333333333	0.008726646250000001
63.397	0.02148	0.008333333333333333	0.008726646250000001
63.43	-0.05736	0.008333333333333333	0.008726646250000001
63.463	-0.126	0.008333333333333333	0.008726646250000001
63.497	-0.193	0.008333333333333333	0.008726646250000001
63.53	-0.25	0.008333333333333333	0.008726646250000001
63.563	-0.294	0.008333333333333333	0.008726646250000001
63.597	-0.325	0.008333333333333333	0.008726646250000001
63.63	-0.341	0.008333333333333333	0.008726646250000001
63.664	-0.342	0.008333333333333333	0.008726646250000001
63.697	-0.328	0.008333333333333333	0.008726646250000001
63.73	-0.299	0.008333333333333333	0.008726646250000001
63.764	-0.256	0.008333333333333333	0.008726646250000001
63.797	-0.202	0.008333333333333333	0.008726646250000001
63.83	-0.137	0.008333333333333333	0.008726646250000001
63.864	-0.06732	0.008333333333333333	0.008726646250000001
63.897	0.001689	0.008333333333333333	0.008726646250000001
63.931	0.08993	0.008333333333333333	0.008726646250000001
63.964	0.162	0.008333333333333333	0.008726646250000001
63.997	0.224	0.008333333333333333	0.008726646250000001
64.031	0.278	0.008333333333333333	0.008726646250000001
64.064	0.319	0.008333333333333333	0.008726646250000001
64.097	0.34	0.008333333333333333	0.008726646250000001
64.131	0.351	0.008333333333333333	0.008726646250000001
64.164	0.344	0.008333333333333333	0.008726646250000001
64.197	0.323	0.008333333333333333	0.008726646250000001
64.231	0.285	0.008333333333333333	0.008726646250000001
64.264	0.23	0.008333333333333333	0.008726646250000001
64.298	0.168	0.008333333333333333	0.008726646250000001
64.331	0.09979	0.008333333333333333	0.008726646250000001
64.364	0.0264	0.008333333333333333	0.008726646250000001
64.398	-0.04998	0.008333333333333333	0.008726646250000001
64.431	-0.12	0.008333333333333333	0.008726646250000001
64.464	-0.181	0.008333333333333333	0.008726646250000001
64.498	-0.25	0.008333333333333333	0.008726646250000001
64.531	-0.294	0.008333333333333333	0.008726646250000001
64.564	-0.324	0.008333333333333333	0.008726646250000001
64.598	-0.339	0.008333333333333333	0.008726646250000001
64.631	-0.34	0.008333333333333333	0.008726646250000001
64.665	-0.325	0.008333333333333333	0.008726646250000001
64.698	-0.295	0.008333333333333333	0.008726646250000001
64.731	-0.253	0.008333333333333333	0.008726646250000001
64.765	-0.197	0.008333333333333333	0.008726646250000001
64.798	-0.133	0.008333333333333333	0.008726646250000001
64.831	-0.0612	0.008333333333333333	0.008726646250000001
64.865	0.007196	0.008333333333333333	0.008726646250000001
64.898	0.101	0.008333333333333333	0.008726646250000001
64.932	0.171	0.008333333333333333	0.008726646250000001
64.965	0.232	0.008333333333333333	0.008726646250000001
64.998	0.283	0.008333333333333333	0.008726646250000001
65.032	0.321	0.008333333333333333	0.008726646250000001
65.065	0.347	0.008333333333333333	0.008726646250000001
65.098	0.353	0.008333333333333333	0.008726646250000001
65.132	0.347	0.008333333333333333	0.008726646250000001
65.165	0.323	0.008333333333333333	0.008726646250000001
65.198	0.285	0.008333333333333333	0.008726646250000001
65.232	0.233	0.008333333333333333	0.008726646250000001
65.265	0.172	0.008333333333333333	0.008726646250000001
65.299	0.102	0.008333333333333333	0.008726646250000001
65.332	0.02903	0.008333333333333333	0.008726646250000001
65.365	-0.04577	0.008333333333333333	0.008726646250000001
65.399	-0.125	0.008333333333333333	0.008726646250000001
65.432	-0.188	0.008333333333333333	0.008726646250000001
65.465	-0.244	0.008333333333333333	0.008726646250000001
65.499	-0.288	0.008333333333333333	0.008726646250000001
65.532	-0.318	0.008333333333333333	0.008726646250000001
65.566	-0.334	0.008333333333333333	0.008726646250000001
65.599	-0.334	0.008333333333333333	0.008726646250000001
65.632	-0.319	0.008333333333333333	0.008726646250000001
65.666	-0.288	0.008333333333333333	0.008726646250000001
65.699	-0.245	0.008333333333333333	0.008726646250000001
65.732	-0.188	0.008333333333333333	0.008726646250000001
65.766	-0.123	0.008333333333333333	0.008726646250000001
65.799	-0.05493	0.008333333333333333	0.008726646250000001
65.832	0.02659	0.008333333333333333	0.008726646250000001
65.866	0.09944	0.008333333333333333	0.008726646250000001
65.899	0.17	0.008333333333333333	0.008726646250000001
65.933	0.23	0.008333333333333333	0.008726646250000001
65.966	0.283	0.008333333333333333	0.008726646250000001
65.999	0.321	0.008333333333333333	0.008726646250000001
66.033	0.344	0.008333333333333333	0.008726646250000001
66.066	0.351	0.008333333333333333	0.008726646250000001
66.099	0.344	0.008333333333333333	0.008726646250000001
66.133	0.318	0.008333333333333333	0.008726646250000001
66.166	0.28	0.008333333333333333	0.008726646250000001
66.199	0.227	0.008333333333333333	0.008726646250000001
66.233	0.167	0.008333333333333333	0.008726646250000001
66.266	0.09763	0.008333333333333333	0.008726646250000001
66.3	0.02493	0.008333333333333333	0.008726646250000001
66.333	-0.05373	0.008333333333333333	0.008726646250000001
66.366	-0.124	0.008333333333333333	0.008726646250000001
66.4	-0.189	0.008333333333333333	0.008726646250000001
66.433	-0.245	0.008333333333333333	0.008726646250000001
66.466	-0.288	0.008333333333333333	0.008726646250000001
66.5	-0.318	0.008333333333333333	0.008726646250000001
66.533	-0.334	0.008333333333333333	0.008726646250000001
66.567	-0.333	0.008333333333333333	0.008726646250000001
66.6	-0.317	0.008333333333333333	0.008726646250000001
66.633	-0.286	0.008333333333333333	0.008726646250000001
66.667	-0.24	0.008333333333333333	0.008726646250000001
66.7	-0.184	0.008333333333333333	0.008726646250000001
66.733	-0.119	0.008333333333333333	0.008726646250000001
66.767	-0.05043	0.008333333333333333	0.008726646250000001
66.8	0.029	0.008333333333333333	0.008726646250000001
66.833	0.1	0.008333333333333333	0.008726646250000001
66.867	0.169	0.008333333333333333	0.008726646250000001
66.9	0.23	0.008333333333333333	0.008726646250000001
66.934	0.281	0.008333333333333333	0.008726646250000001
66.967	0.319	0.008333333333333333	0.008726646250000001
67.0	0.343	0.008333333333333333	0.008726646250000001
67.034	0.35	0.008333333333333333	0.008726646250000001
67.067	0.34	0.008333333333333333	0.008726646250000001
67.1	0.315	0.008333333333333333	0.008726646250000001
67.134	0.276	0.008333333333333333	0.008726646250000001
67.167	0.223	0.008333333333333333	0.008726646250000001
67.2	0.161	0.008333333333333333	0.008726646250000001
67.234	0.09271	0.008333333333333333	0.008726646250000001
67.267	0.01762	0.008333333333333333	0.008726646250000001
67.301	-0.057	0.008333333333333333	0.008726646250000001
67.334	-0.127	0.008333333333333333	0.008726646250000001
67.367	-0.189	0.008333333333333333	0.008726646250000001
67.401	-0.245	0.008333333333333333	0.008726646250000001
67.434	-0.29	0.008333333333333333	0.008726646250000001
67.467	-0.321	0.008333333333333333	0.008726646250000001
67.501	-0.333	0.008333333333333333	0.008726646250000001
67.534	-0.334	0.008333333333333333	0.008726646250000001
67.567	-0.333	0.008333333333333333	0.008726646250000001
67.601	-0.295	0.008333333333333333	0.008726646250000001
67.634	-0.257	0.008333333333333333	0.008726646250000001
67.668	-0.194	0.008333333333333333	0.008726646250000001
67.701	-0.114	0.008333333333333333	0.008726646250000001
67.734	-0.03865	0.008333333333333333	0.008726646250000001
67.768	0.03754	0.008333333333333333	0.008726646250000001
67.801	0.111	0.008333333333333333	0.008726646250000001
67.834	0.178	0.008333333333333333	0.008726646250000001
67.868	0.239	0.008333333333333333	0.008726646250000001
67.901	0.289	0.008333333333333333	0.008726646250000001
67.935	0.312	0.008333333333333333	0.008726646250000001
67.968	0.332	0.008333333333333333	0.008726646250000001
68.001	0.338	0.008333333333333333	0.008726646250000001
68.035	0.325	0.008333333333333333	0.008726646250000001
68.068	0.299	0.008333333333333333	0.008726646250000001
68.101	0.258	0.008333333333333333	0.008726646250000001
68.135	0.205	0.008333333333333333	0.008726646250000001
68.168	0.143	0.008333333333333333	0.008726646250000001
68.201	0.07445	0.008333333333333333	0.008726646250000001
68.235	0.0206	0.008333333333333333	0.008726646250000001
68.268	-0.05044	0.008333333333333333	0.008726646250000001
68.302	-0.117	0.008333333333333333	0.008726646250000001
68.335	-0.179	0.008333333333333333	0.008726646250000001
68.368	-0.231	0.008333333333333333	0.008726646250000001
68.402	-0.271	0.008333333333333333	0.008726646250000001
68.435	-0.334	0.008333333333333333	0.008726646250000001
68.468	-0.344	0.008333333333333333	0.008726646250000001
68.502	-0.344	0.008333333333333333	0.008726646250000001
68.535	-0.293	0.008333333333333333	0.008726646250000001
68.569	-0.262	0.008333333333333333	0.008726646250000001
68.602	-0.219	0.008333333333333333	0.008726646250000001
68.635	-0.164	0.008333333333333333	0.008726646250000001
68.669	-0.101	0.008333333333333333	0.008726646250000001
68.702	-0.03438	0.008333333333333333	0.008726646250000001
68.735	0.03561	0.008333333333333333	0.008726646250000001
68.769	0.105	0.008333333333333333	0.008726646250000001
68.802	0.171	0.008333333333333333	0.008726646250000001
68.835	0.229	0.008333333333333333	0.008726646250000001
68.869	0.277	0.008333333333333333	0.008726646250000001
68.902	0.312	0.008333333333333333	0.008726646250000001
68.936	0.332	0.008333333333333333	0.008726646250000001
68.969	0.336	0.008333333333333333	0.008726646250000001
69.002	0.324	0.008333333333333333	0.008726646250000001
69.036	0.296	0.008333333333333333	0.008726646250000001
69.069	0.255	0.008333333333333333	0.008726646250000001
69.102	0.203	0.008333333333333333	0.008726646250000001
69.136	0.139	0.008333333333333333	0.008726646250000001
69.169	0.07172	0.008333333333333333	0.008726646250000001
69.202	-0.0003787	0.008333333333333333	0.008726646250000001
69.236	-0.07193	0.008333333333333333	0.008726646250000001
69.269	-0.14	0.008333333333333333	0.008726646250000001
69.303	-0.2	0.008333333333333333	0.008726646250000001
69.336	-0.253	0.008333333333333333	0.008726646250000001
69.369	-0.304	0.008333333333333333	0.008726646250000001
69.403	-0.338	0.008333333333333333	0.008726646250000001
69.436	-0.349	0.008333333333333333	0.008726646250000001
69.469	-0.344	0.008333333333333333	0.008726646250000001
69.503	-0.33	0.008333333333333333	0.008726646250000001
69.536	-0.294	0.008333333333333333	0.008726646250000001
69.57	-0.244	0.008333333333333333	0.008726646250000001
69.603	-0.183	0.008333333333333333	0.008726646250000001
69.636	-0.121	0.008333333333333333	0.008726646250000001
69.67	-0.04505	0.008333333333333333	0.008726646250000001
69.703	0.02309	0.008333333333333333	0.008726646250000001
69.736	0.09325	0.008333333333333333	0.008726646250000001
69.77	0.155	0.008333333333333333	0.008726646250000001
69.803	0.221	0.008333333333333333	0.008726646250000001
69.836	0.271	0.008333333333333333	0.008726646250000001
69.87	0.293	0.008333333333333333	0.008726646250000001
69.903	0.314	0.008333333333333333	0.008726646250000001
69.937	0.319	0.008333333333333333	0.008726646250000001
69.97	0.307	0.008333333333333333	0.008726646250000001
70.003	0.286	0.008333333333333333	0.008726646250000001
70.037	0.225	0.008333333333333333	0.008726646250000001
70.07	0.171	0.008333333333333333	0.008726646250000001
70.103	0.11	0.008333333333333333	0.008726646250000001
70.137	0.04146	0.008333333333333333	0.008726646250000001
70.17	-0.02944	0.008333333333333333	0.008726646250000001
70.203	-0.101	0.008333333333333333	0.008726646250000001
70.237	-0.167	0.008333333333333333	0.008726646250000001
70.27	-0.228	0.008333333333333333	0.008726646250000001
70.304	-0.279	0.008333333333333333	0.008726646250000001
70.337	-0.315	0.008333333333333333	0.008726646250000001
70.37	-0.336	0.008333333333333333	0.008726646250000001
70.404	-0.356	0.008333333333333333	0.008726646250000001
70.437	-0.346	0.008333333333333333	0.008726646250000001
70.47	-0.335	0.008333333333333333	0.008726646250000001
70.504	-0.303	0.008333333333333333	0.008726646250000001
70.537	-0.258	0.008333333333333333	0.008726646250000001
70.57	-0.205	0.008333333333333333	0.008726646250000001
70.604	-0.142	0.008333333333333333	0.008726646250000001
70.637	-0.07449	0.008333333333333333	0.008726646250000001
70.671	-0.003895	0.008333333333333333	0.008726646250000001
70.704	0.06356	0.008333333333333333	0.008726646250000001
70.737	0.127	0.008333333333333333	0.008726646250000001
70.771	0.183	0.008333333333333333	0.008726646250000001
70.804	0.229	0.008333333333333333	0.008726646250000001
70.837	0.295	0.008333333333333333	0.008726646250000001
70.871	0.319	0.008333333333333333	0.008726646250000001
70.904	0.28	0.008333333333333333	0.008726646250000001
70.938	0.267	0.008333333333333333	0.008726646250000001
70.971	0.24	0.008333333333333333	0.008726646250000001
71.004	0.199	0.008333333333333333	0.008726646250000001
71.038	0.146	0.008333333333333333	0.008726646250000001
71.071	0.08405	0.008333333333333333	0.008726646250000001
71.104	0.01691	0.008333333333333333	0.008726646250000001
71.138	-0.05367	0.008333333333333333	0.008726646250000001
71.171	-0.123	0.008333333333333333	0.008726646250000001
71.204	-0.191	0.008333333333333333	0.008726646250000001
71.238	-0.252	0.008333333333333333	0.008726646250000001
71.271	-0.263	0.008333333333333333	0.008726646250000001
71.305	-0.341	0.008333333333333333	0.008726646250000001
71.338	-0.334	0.008333333333333333	0.008726646250000001
71.371	-0.341	0.008333333333333333	0.008726646250000001
71.405	-0.333	0.008333333333333333	0.008726646250000001
71.438	-0.354	0.008333333333333333	0.008726646250000001
71.471	-0.321	0.008333333333333333	0.008726646250000001
71.505	-0.276	0.008333333333333333	0.008726646250000001
71.538	-0.218	0.008333333333333333	0.008726646250000001
71.572	-0.153	0.008333333333333333	0.008726646250000001
71.605	-0.08429	0.008333333333333333	0.008726646250000001
71.638	-0.01244	0.008333333333333333	0.008726646250000001
71.672	0.05613	0.008333333333333333	0.008726646250000001
71.705	0.12	0.008333333333333333	0.008726646250000001
71.738	0.175	0.008333333333333333	0.008726646250000001
71.772	0.221	0.008333333333333333	0.008726646250000001
71.805	0.303	0.008333333333333333	0.008726646250000001
71.838	0.321	0.008333333333333333	0.008726646250000001
71.872	0.325	0.008333333333333333	0.008726646250000001
71.905	0.312	0.008333333333333333	0.008726646250000001
71.939	0.285	0.008333333333333333	0.008726646250000001
71.972	0.244	0.008333333333333333	0.008726646250000001
72.005	0.189	0.008333333333333333	0.008726646250000001
72.039	0.125	0.008333333333333333	0.008726646250000001
72.072	0.05996	0.008333333333333333	0.008726646250000001
72.105	-0.01012	0.008333333333333333	0.008726646250000001
72.139	-0.07457	0.008333333333333333	0.008726646250000001
72.172	-0.137	0.008333333333333333	0.008726646250000001
72.205	-0.216	0.008333333333333333	0.008726646250000001
72.239	-0.266	0.008333333333333333	0.008726646250000001
72.272	-0.302	0.008333333333333333	0.008726646250000001
72.306	-0.326	0.008333333333333333	0.008726646250000001
72.339	-0.335	0.008333333333333333	0.008726646250000001
72.372	-0.329	0.008333333333333333	0.008726646250000001
72.406	-0.31	0.008333333333333333	0.008726646250000001
72.439	-0.275	0.008333333333333333	0.008726646250000001
72.472	-0.228	0.008333333333333333	0.008726646250000001
72.506	-0.17	0.008333333333333333	0.008726646250000001
72.539	-0.105	0.008333333333333333	0.008726646250000001
72.573	-0.03984	0.008333333333333333	0.008726646250000001
72.606	0.04791	0.008333333333333333	0.008726646250000001
72.639	0.116	0.008333333333333333	0.008726646250000001
72.673	0.181	0.008333333333333333	0.008726646250000001
72.706	0.237	0.008333333333333333	0.008726646250000001
72.739	0.283	0.008333333333333333	0.008726646250000001
72.773	0.315	0.008333333333333333	0.008726646250000001
72.806	0.33	0.008333333333333333	0.008726646250000001
72.839	0.333	0.008333333333333333	0.008726646250000001
72.873	0.318	0.008333333333333333	0.008726646250000001
72.906	0.289	0.008333333333333333	0.008726646250000001
72.94	0.247	0.008333333333333333	0.008726646250000001
72.973	0.192	0.008333333333333333	0.008726646250000001
73.006	0.128	0.008333333333333333	0.008726646250000001
73.04	0.05992	0.008333333333333333	0.008726646250000001
73.073	-0.008861	0.008333333333333333	0.008726646250000001
73.106	-0.07738	0.008333333333333333	0.008726646250000001
73.14	-0.141	0.008333333333333333	0.008726646250000001
73.173	-0.199	0.008333333333333333	0.008726646250000001
73.206	-0.252	0.008333333333333333	0.008726646250000001
73.24	-0.289	0.008333333333333333	0.008726646250000001
73.273	-0.312	0.008333333333333333	0.008726646250000001
73.307	-0.32	0.008333333333333333	0.008726646250000001
73.34	-0.314	0.008333333333333333	0.008726646250000001
73.373	-0.294	0.008333333333333333	0.008726646250000001
73.407	-0.259	0.008333333333333333	0.008726646250000001
73.44	-0.21	0.008333333333333333	0.008726646250000001
73.473	-0.155	0.008333333333333333	0.008726646250000001
73.507	-0.08967	0.008333333333333333	0.008726646250000001
73.54	-0.02239	0.008333333333333333	0.008726646250000001
73.573	0.0562	0.008333333333333333	0.008726646250000001
73.607	0.123	0.008333333333333333	0.008726646250000001
73.64	0.186	0.008333333333333333	0.008726646250000001
73.674	0.24	0.008333333333333333	0.008726646250000001
73.707	0.285	0.008333333333333333	0.008726646250000001
73.74	0.314	0.008333333333333333	0.008726646250000001
73.774	0.328	0.008333333333333333	0.008726646250000001
73.807	0.329	0.008333333333333333	0.008726646250000001
73.84	0.313	0.008333333333333333	0.008726646250000001
73.874	0.285	0.008333333333333333	0.008726646250000001
73.907	0.242	0.008333333333333333	0.008726646250000001
73.941	0.188	0.008333333333333333	0.008726646250000001
73.974	0.125	0.008333333333333333	0.008726646250000001
74.007	0.05764	0.008333333333333333	0.008726646250000001
74.041	-0.01177	0.008333333333333333	0.008726646250000001
74.074	-0.07899	0.008333333333333333	0.008726646250000001
74.107	-0.151	0.008333333333333333	0.008726646250000001
74.141	-0.209	0.008333333333333333	0.008726646250000001
74.174	-0.255	0.008333333333333333	0.008726646250000001
74.207	-0.29	0.008333333333333333	0.008726646250000001
74.241	-0.312	0.008333333333333333	0.008726646250000001
74.274	-0.319	0.008333333333333333	0.008726646250000001
74.308	-0.311	0.008333333333333333	0.008726646250000001
74.341	-0.29	0.008333333333333333	0.008726646250000001
74.374	-0.255	0.008333333333333333	0.008726646250000001
74.408	-0.207	0.008333333333333333	0.008726646250000001
74.441	-0.151	0.008333333333333333	0.008726646250000001
74.474	-0.0873	0.008333333333333333	0.008726646250000001
74.508	-0.02111	0.008333333333333333	0.008726646250000001
74.541	0.06234	0.008333333333333333	0.008726646250000001
74.575	0.129	0.008333333333333333	0.008726646250000001
74.608	0.193	0.008333333333333333	0.008726646250000001
74.641	0.245	0.008333333333333333	0.008726646250000001
74.675	0.288	0.008333333333333333	0.008726646250000001
74.708	0.316	0.008333333333333333	0.008726646250000001
74.741	0.329	0.008333333333333333	0.008726646250000001
74.775	0.329	0.008333333333333333	0.008726646250000001
74.808	0.313	0.008333333333333333	0.008726646250000001
74.841	0.283	0.008333333333333333	0.008726646250000001
74.875	0.24	0.008333333333333333	0.008726646250000001
74.908	0.183	0.008333333333333333	0.008726646250000001
74.942	0.121	0.008333333333333333	0.008726646250000001
74.975	0.05347	0.008333333333333333	0.008726646250000001
75.008	-0.01729	0.008333333333333333	0.008726646250000001
75.042	-0.08285	0.008333333333333333	0.008726646250000001
75.075	-0.152	0.008333333333333333	0.008726646250000001
75.108	-0.21	0.008333333333333333	0.008726646250000001
75.142	-0.235	0.008333333333333333	0.008726646250000001
75.175	-0.275	0.008333333333333333	0.008726646250000001
75.208	-0.302	0.008333333333333333	0.008726646250000001
75.242	-0.315	0.008333333333333333	0.008726646250000001
75.275	-0.314	0.008333333333333333	0.008726646250000001
75.309	-0.299	0.008333333333333333	0.008726646250000001
75.342	-0.271	0.008333333333333333	0.008726646250000001
75.375	-0.228	0.008333333333333333	0.008726646250000001
75.409	-0.176	0.008333333333333333	0.008726646250000001
75.442	-0.114	0.008333333333333333	0.008726646250000001
75.475	-0.05025	0.008333333333333333	0.008726646250000001
75.509	0.0339	0.008333333333333333	0.008726646250000001
75.542	0.105	0.008333333333333333	0.008726646250000001
75.576	0.168	0.008333333333333333	0.008726646250000001
75.609	0.224	0.008333333333333333	0.008726646250000001
75.642	0.27	0.008333333333333333	0.008726646250000001
75.676	0.305	0.008333333333333333	0.008726646250000001
75.709	0.325	0.008333333333333333	0.008726646250000001
75.742	0.33	0.008333333333333333	0.008726646250000001
75.776	0.321	0.008333333333333333	0.008726646250000001
75.809	0.297	0.008333333333333333	0.008726646250000001
75.842	0.26	0.008333333333333333	0.008726646250000001
75.876	0.21	0.008333333333333333	0.008726646250000001
75.909	0.15	0.008333333333333333	0.008726646250000001
75.943	0.08414	0.008333333333333333	0.008726646250000001
75.976	0.01481	0.008333333333333333	0.008726646250000001
76.009	-0.0534	0.008333333333333333	0.008726646250000001
76.043	-0.117	0.008333333333333333	0.008726646250000001
76.076	-0.178	0.008333333333333333	0.008726646250000001
76.109	-0.238	0.008333333333333333	0.008726646250000001
76.143	-0.276	0.008333333333333333	0.008726646250000001
76.176	-0.302	0.008333333333333333	0.008726646250000001
76.209	-0.316	0.008333333333333333	0.008726646250000001
76.243	-0.313	0.008333333333333333	0.008726646250000001
76.276	-0.299	0.008333333333333333	0.008726646250000001
76.31	-0.268	0.008333333333333333	0.008726646250000001
76.343	-0.226	0.008333333333333333	0.008726646250000001
76.376	-0.172	0.008333333333333333	0.008726646250000001
76.41	-0.111	0.008333333333333333	0.008726646250000001
76.443	-0.04852	0.008333333333333333	0.008726646250000001
76.476	0.03733	0.008333333333333333	0.008726646250000001
76.51	0.106	0.008333333333333333	0.008726646250000001
76.543	0.169	0.008333333333333333	0.008726646250000001
76.576	0.224	0.008333333333333333	0.008726646250000001
76.61	0.271	0.008333333333333333	0.008726646250000001
76.643	0.305	0.008333333333333333	0.008726646250000001
76.677	0.323	0.008333333333333333	0.008726646250000001
76.71	0.328	0.008333333333333333	0.008726646250000001
76.743	0.318	0.008333333333333333	0.008726646250000001
76.777	0.294	0.008333333333333333	0.008726646250000001
76.81	0.257	0.008333333333333333	0.008726646250000001
76.843	0.207	0.008333333333333333	0.008726646250000001
76.877	0.15	0.008333333333333333	0.008726646250000001
76.91	0.08376	0.008333333333333333	0.008726646250000001
76.944	0.01542	0.008333333333333333	0.008726646250000001
76.977	-0.05693	0.008333333333333333	0.008726646250000001
77.01	-0.131	0.008333333333333333	0.008726646250000001
77.044	-0.193	0.008333333333333333	0.008726646250000001
77.077	-0.243	0.008333333333333333	0.008726646250000001
77.11	-0.281	0.008333333333333333	0.008726646250000001
77.144	-0.305	0.008333333333333333	0.008726646250000001
77.177	-0.317	0.008333333333333333	0.008726646250000001
77.21	-0.314	0.008333333333333333	0.008726646250000001
77.244	-0.299	0.008333333333333333	0.008726646250000001
77.277	-0.269	0.008333333333333333	0.008726646250000001
77.311	-0.227	0.008333333333333333	0.008726646250000001
77.344	-0.173	0.008333333333333333	0.008726646250000001
77.377	-0.111	0.008333333333333333	0.008726646250000001
77.411	-0.04819	0.008333333333333333	0.008726646250000001
77.444	0.01794	0.008333333333333333	0.008726646250000001
77.477	0.104	0.008333333333333333	0.008726646250000001
77.511	0.168	0.008333333333333333	0.008726646250000001
77.544	0.224	0.008333333333333333	0.008726646250000001
77.578	0.27	0.008333333333333333	0.008726646250000001
77.611	0.301	0.008333333333333333	0.008726646250000001
77.644	0.321	0.008333333333333333	0.008726646250000001
77.678	0.326	0.008333333333333333	0.008726646250000001
77.711	0.315	0.008333333333333333	0.008726646250000001
77.744	0.29	0.008333333333333333	0.008726646250000001
77.778	0.252	0.008333333333333333	0.008726646250000001
77.811	0.202	0.008333333333333333	0.008726646250000001
77.844	0.143	0.008333333333333333	0.008726646250000001
77.878	0.07746	0.008333333333333333	0.008726646250000001
77.911	0.007822	0.008333333333333333	0.008726646250000001
77.945	-0.062	0.008333333333333333	0.008726646250000001
77.978	-0.126	0.008333333333333333	0.008726646250000001
78.011	-0.18	0.008333333333333333	0.008726646250000001
78.045	-0.235	0.008333333333333333	0.008726646250000001
78.078	-0.273	0.008333333333333333	0.008726646250000001
78.111	-0.301	0.008333333333333333	0.008726646250000001
78.145	-0.311	0.008333333333333333	0.008726646250000001
78.178	-0.308	0.008333333333333333	0.008726646250000001
78.211	-0.29	0.008333333333333333	0.008726646250000001
78.245	-0.26	0.008333333333333333	0.008726646250000001
78.278	-0.215	0.008333333333333333	0.008726646250000001
78.312	-0.161	0.008333333333333333	0.008726646250000001
78.345	-0.102	0.008333333333333333	0.008726646250000001
78.378	-0.02652	0.008333333333333333	0.008726646250000001
78.412	0.04448	0.008333333333333333	0.008726646250000001
78.445	0.109	0.008333333333333333	0.008726646250000001
78.478	0.17	0.008333333333333333	0.008726646250000001
78.512	0.224	0.008333333333333333	0.008726646250000001
78.545	0.268	0.008333333333333333	0.008726646250000001
78.579	0.3	0.008333333333333333	0.008726646250000001
78.612	0.319	0.008333333333333333	0.008726646250000001
78.645	0.323	0.008333333333333333	0.008726646250000001
78.679	0.311	0.008333333333333333	0.008726646250000001
78.712	0.285	0.008333333333333333	0.008726646250000001
78.745	0.246	0.008333333333333333	0.008726646250000001
78.779	0.197	0.008333333333333333	0.008726646250000001
78.812	0.137	0.008333333333333333	0.008726646250000001
78.845	0.07222	0.008333333333333333	0.008726646250000001
78.879	0.003735	0.008333333333333333	0.008726646250000001
78.912	-0.06544	0.008333333333333333	0.008726646250000001
78.946	-0.13	0.008333333333333333	0.008726646250000001
78.979	-0.181	0.008333333333333333	0.008726646250000001
79.012	-0.238	0.008333333333333333	0.008726646250000001
79.046	-0.276	0.008333333333333333	0.008726646250000001
79.079	-0.3	0.008333333333333333	0.008726646250000001
79.112	-0.311	0.008333333333333333	0.008726646250000001
79.146	-0.306	0.008333333333333333	0.008726646250000001
79.179	-0.288	0.008333333333333333	0.008726646250000001
79.212	-0.255	0.008333333333333333	0.008726646250000001
79.246	-0.213	0.008333333333333333	0.008726646250000001
79.279	-0.157	0.008333333333333333	0.008726646250000001
79.313	-0.1	0.008333333333333333	0.008726646250000001
79.346	-0.03327	0.008333333333333333	0.008726646250000001
79.379	0.03165	0.008333333333333333	0.008726646250000001
79.413	0.09525	0.008333333333333333	0.008726646250000001
79.446	0.157	0.008333333333333333	0.008726646250000001
79.479	0.21	0.008333333333333333	0.008726646250000001
79.513	0.253	0.008333333333333333	0.008726646250000001
79.546	0.282	0.008333333333333333	0.008726646250000001
79.579	0.298	0.008333333333333333	0.008726646250000001
79.613	0.299	0.008333333333333333	0.008726646250000001
79.646	0.286	0.008333333333333333	0.008726646250000001
79.68	0.259	0.008333333333333333	0.008726646250000001
79.713	0.219	0.008333333333333333	0.008726646250000001
79.746	0.166	0.008333333333333333	0.008726646250000001
79.78	0.106	0.008333333333333333	0.008726646250000001
79.813	0.04206	0.008333333333333333	0.008726646250000001
79.846	-0.02288	0.008333333333333333	0.008726646250000001
79.88	-0.08637	0.008333333333333333	0.008726646250000001
79.913	-0.148	0.008333333333333333	0.008726646250000001
79.947	-0.206	0.008333333333333333	0.008726646250000001
79.98	-0.255	0.008333333333333333	0.008726646250000001
80.013	-0.29	0.008333333333333333	0.008726646250000001
80.047	-0.311	0.008333333333333333	0.008726646250000001
80.08	-0.319	0.008333333333333333	0.008726646250000001
80.113	-0.316	0.008333333333333333	0.008726646250000001
80.147	-0.294	0.008333333333333333	0.008726646250000001
80.18	-0.263	0.008333333333333333	0.008726646250000001
80.213	-0.216	0.008333333333333333	0.008726646250000001
80.247	-0.162	0.008333333333333333	0.008726646250000001
80.28	-0.102	0.008333333333333333	0.008726646250000001
80.314	-0.04173	0.008333333333333333	0.008726646250000001
80.347	0.02504	0.008333333333333333	0.008726646250000001
80.38	0.08589	0.008333333333333333	0.008726646250000001
80.414	0.144	0.008333333333333333	0.008726646250000001
80.447	0.194	0.008333333333333333	0.008726646250000001
80.48	0.236	0.008333333333333333	0.008726646250000001
80.514	0.265	0.008333333333333333	0.008726646250000001
80.547	0.281	0.008333333333333333	0.008726646250000001
80.581	0.282	0.008333333333333333	0.008726646250000001
80.614	0.269	0.008333333333333333	0.008726646250000001
80.647	0.241	0.008333333333333333	0.008726646250000001
80.681	0.202	0.008333333333333333	0.008726646250000001
80.714	0.151	0.008333333333333333	0.008726646250000001
80.747	0.09347	0.008333333333333333	0.008726646250000001
80.781	0.03095	0.008333333333333333	0.008726646250000001
80.814	-0.03555	0.008333333333333333	0.008726646250000001
80.847	-0.09729	0.008333333333333333	0.008726646250000001
80.881	-0.159	0.008333333333333333	0.008726646250000001
80.914	-0.216	0.008333333333333333	0.008726646250000001
80.948	-0.26	0.008333333333333333	0.008726646250000001
80.981	-0.295	0.008333333333333333	0.008726646250000001
81.014	-0.317	0.008333333333333333	0.008726646250000001
81.048	-0.325	0.008333333333333333	0.008726646250000001
81.081	-0.318	0.008333333333333333	0.008726646250000001
81.114	-0.297	0.008333333333333333	0.008726646250000001
81.148	-0.264	0.008333333333333333	0.008726646250000001
81.181	-0.219	0.008333333333333333	0.008726646250000001
81.214	-0.163	0.008333333333333333	0.008726646250000001
81.248	-0.102	0.008333333333333333	0.008726646250000001
81.281	-0.03758	0.008333333333333333	0.008726646250000001
81.315	0.02876	0.008333333333333333	0.008726646250000001
81.348	0.0936	0.008333333333333333	0.008726646250000001
81.381	0.152	0.008333333333333333	0.008726646250000001
81.415	0.205	0.008333333333333333	0.008726646250000001
81.448	0.246	0.008333333333333333	0.008726646250000001
81.481	0.276	0.008333333333333333	0.008726646250000001
81.515	0.29	0.008333333333333333	0.008726646250000001
81.548	0.291	0.008333333333333333	0.008726646250000001
81.582	0.276	0.008333333333333333	0.008726646250000001
81.615	0.247	0.008333333333333333	0.008726646250000001
81.648	0.207	0.008333333333333333	0.008726646250000001
81.682	0.156	0.008333333333333333	0.008726646250000001
81.715	0.09658	0.008333333333333333	0.008726646250000001
81.748	0.03349	0.008333333333333333	0.008726646250000001
81.782	-0.03295	0.008333333333333333	0.008726646250000001
81.815	-0.09792	0.008333333333333333	0.008726646250000001
81.848	-0.159	0.008333333333333333	0.008726646250000001
81.882	-0.213	0.008333333333333333	0.008726646250000001
81.915	-0.258	0.008333333333333333	0.008726646250000001
81.949	-0.291	0.008333333333333333	0.008726646250000001
81.982	-0.312	0.008333333333333333	0.008726646250000001
82.015	-0.317	0.008333333333333333	0.008726646250000001
82.049	-0.31	0.008333333333333333	0.008726646250000001
82.082	-0.287	0.008333333333333333	0.008726646250000001
82.115	-0.252	0.008333333333333333	0.008726646250000001
82.149	-0.205	0.008333333333333333	0.008726646250000001
82.182	-0.147	0.008333333333333333	0.008726646250000001
82.215	-0.08593	0.008333333333333333	0.008726646250000001
82.249	-0.02041	0.008333333333333333	0.008726646250000001
82.282	0.05038	0.008333333333333333	0.008726646250000001
82.316	0.119	0.008333333333333333	0.008726646250000001
82.349	0.178	0.008333333333333333	0.008726646250000001
82.382	0.229	0.008333333333333333	0.008726646250000001
82.416	0.267	0.008333333333333333	0.008726646250000001
82.449	0.296	0.008333333333333333	0.008726646250000001
82.482	0.309	0.008333333333333333	0.008726646250000001
82.516	0.31	0.008333333333333333	0.008726646250000001
82.549	0.292	0.008333333333333333	0.008726646250000001
82.582	0.261	0.008333333333333333	0.008726646250000001
82.616	0.221	0.008333333333333333	0.008726646250000001
82.649	0.168	0.008333333333333333	0.008726646250000001
82.683	0.11	0.008333333333333333	0.008726646250000001
82.716	0.04574	0.008333333333333333	0.008726646250000001
82.749	-0.02235	0.008333333333333333	0.008726646250000001
82.783	-0.088	0.008333333333333333	0.008726646250000001
82.816	-0.148	0.008333333333333333	0.008726646250000001
82.849	-0.205	0.008333333333333333	0.008726646250000001
82.883	-0.248	0.008333333333333333	0.008726646250000001
82.916	-0.28	0.008333333333333333	0.008726646250000001
82.95	-0.299	0.008333333333333333	0.008726646250000001
82.983	-0.305	0.008333333333333333	0.008726646250000001
83.016	-0.297	0.008333333333333333	0.008726646250000001
83.05	-0.273	0.008333333333333333	0.008726646250000001
83.083	-0.237	0.008333333333333333	0.008726646250000001
83.116	-0.19	0.008333333333333333	0.008726646250000001
83.15	-0.133	0.008333333333333333	0.008726646250000001
83.183	-0.06991	0.008333333333333333	0.008726646250000001
83.216	-0.004077	0.008333333333333333	0.008726646250000001
83.25	0.06456	0.008333333333333333	0.008726646250000001
83.283	0.127	0.008333333333333333	0.008726646250000001
83.317	0.186	0.008333333333333333	0.008726646250000001
83.35	0.235	0.008333333333333333	0.008726646250000001
83.383	0.273	0.008333333333333333	0.008726646250000001
83.417	0.299	0.008333333333333333	0.008726646250000001
83.45	0.312	0.008333333333333333	0.008726646250000001
83.483	0.309	0.008333333333333333	0.008726646250000001
83.517	0.291	0.008333333333333333	0.008726646250000001
83.55	0.262	0.008333333333333333	0.008726646250000001
83.584	0.22	0.008333333333333333	0.008726646250000001
83.617	0.167	0.008333333333333333	0.008726646250000001
83.65	0.106	0.008333333333333333	0.008726646250000001
83.684	0.04337	0.008333333333333333	0.008726646250000001
83.717	-0.02569	0.008333333333333333	0.008726646250000001
83.75	-0.0895	0.008333333333333333	0.008726646250000001
83.784	-0.152	0.008333333333333333	0.008726646250000001
83.817	-0.209	0.008333333333333333	0.008726646250000001
83.85	-0.252	0.008333333333333333	0.008726646250000001
83.884	-0.282	0.008333333333333333	0.008726646250000001
83.917	-0.3	0.008333333333333333	0.008726646250000001
83.951	-0.304	0.008333333333333333	0.008726646250000001
83.984	-0.294	0.008333333333333333	0.008726646250000001
84.017	-0.271	0.008333333333333333	0.008726646250000001
84.051	-0.236	0.008333333333333333	0.008726646250000001
84.084	-0.188	0.008333333333333333	0.008726646250000001
84.117	-0.132	0.008333333333333333	0.008726646250000001
84.151	-0.07025	0.008333333333333333	0.008726646250000001
84.184	-0.006187	0.008333333333333333	0.008726646250000001
84.217	0.05956	0.008333333333333333	0.008726646250000001
84.251	0.122	0.008333333333333333	0.008726646250000001
84.284	0.19	0.008333333333333333	0.008726646250000001
84.318	0.239	0.008333333333333333	0.008726646250000001
84.351	0.274	0.008333333333333333	0.008726646250000001
84.384	0.299	0.008333333333333333	0.008726646250000001
84.418	0.31	0.008333333333333333	0.008726646250000001
84.451	0.307	0.008333333333333333	0.008726646250000001
84.484	0.289	0.008333333333333333	0.008726646250000001
84.518	0.259	0.008333333333333333	0.008726646250000001
84.551	0.216	0.008333333333333333	0.008726646250000001
84.585	0.163	0.008333333333333333	0.008726646250000001
84.618	0.103	0.008333333333333333	0.008726646250000001
84.651	0.03965	0.008333333333333333	0.008726646250000001
84.685	-0.02819	0.008333333333333333	0.008726646250000001
84.718	-0.09085	0.008333333333333333	0.008726646250000001
84.751	-0.155	0.008333333333333333	0.008726646250000001
84.785	-0.208	0.008333333333333333	0.008726646250000001
84.818	-0.25	0.008333333333333333	0.008726646250000001
84.851	-0.279	0.008333333333333333	0.008726646250000001
84.885	-0.295	0.008333333333333333	0.008726646250000001
84.918	-0.299	0.008333333333333333	0.008726646250000001
84.952	-0.288	0.008333333333333333	0.008726646250000001
84.985	-0.263	0.008333333333333333	0.008726646250000001
85.018	-0.227	0.008333333333333333	0.008726646250000001
85.052	-0.18	0.008333333333333333	0.008726646250000001
85.085	-0.121	0.008333333333333333	0.008726646250000001
85.118	-0.06106	0.008333333333333333	0.008726646250000001
85.152	0.0007728	0.008333333333333333	0.008726646250000001
85.185	0.06361	0.008333333333333333	0.008726646250000001
85.218	0.124	0.008333333333333333	0.008726646250000001
85.252	0.193	0.008333333333333333	0.008726646250000001
85.285	0.241	0.008333333333333333	0.008726646250000001
85.319	0.277	0.008333333333333333	0.008726646250000001
85.352	0.301	0.008333333333333333	0.008726646250000001
85.385	0.311	0.008333333333333333	0.008726646250000001
85.419	0.305	0.008333333333333333	0.008726646250000001
85.452	0.288	0.008333333333333333	0.008726646250000001
85.485	0.256	0.008333333333333333	0.008726646250000001
85.519	0.211	0.008333333333333333	0.008726646250000001
85.552	0.156	0.008333333333333333	0.008726646250000001
85.585	0.09689	0.008333333333333333	0.008726646250000001
85.619	0.03253	0.008333333333333333	0.008726646250000001
85.652	-0.03541	0.008333333333333333	0.008726646250000001
85.686	-0.09388	0.008333333333333333	0.008726646250000001
85.719	-0.155	0.008333333333333333	0.008726646250000001
85.752	-0.216	0.008333333333333333	0.008726646250000001
85.786	-0.258	0.008333333333333333	0.008726646250000001
85.819	-0.286	0.008333333333333333	0.008726646250000001
85.852	-0.3	0.008333333333333333	0.008726646250000001
85.886	-0.301	0.008333333333333333	0.008726646250000001
85.919	-0.29	0.008333333333333333	0.008726646250000001
85.953	-0.266	0.008333333333333333	0.008726646250000001
85.986	-0.229	0.008333333333333333	0.008726646250000001
86.019	-0.181	0.008333333333333333	0.008726646250000001
86.053	-0.122	0.008333333333333333	0.008726646250000001
86.086	-0.06041	0.008333333333333333	0.008726646250000001
86.119	-0.0003868	0.008333333333333333	0.008726646250000001
86.153	0.06439	0.008333333333333333	0.008726646250000001
86.186	0.14	0.008333333333333333	0.008726646250000001
86.219	0.198	0.008333333333333333	0.008726646250000001
86.253	0.246	0.008333333333333333	0.008726646250000001
86.286	0.281	0.008333333333333333	0.008726646250000001
86.32	0.305	0.008333333333333333	0.008726646250000001
86.353	0.311	0.008333333333333333	0.008726646250000001
86.386	0.306	0.008333333333333333	0.008726646250000001
86.42	0.285	0.008333333333333333	0.008726646250000001
86.453	0.253	0.008333333333333333	0.008726646250000001
86.486	0.207	0.008333333333333333	0.008726646250000001
86.52	0.152	0.008333333333333333	0.008726646250000001
86.553	0.09191	0.008333333333333333	0.008726646250000001
86.587	0.02702	0.008333333333333333	0.008726646250000001
86.62	-0.04278	0.008333333333333333	0.008726646250000001
86.653	-0.108	0.008333333333333333	0.008726646250000001
86.687	-0.16	0.008333333333333333	0.008726646250000001
86.72	-0.224	0.008333333333333333	0.008726646250000001
86.753	-0.262	0.008333333333333333	0.008726646250000001
86.787	-0.287	0.008333333333333333	0.008726646250000001
86.82	-0.301	0.008333333333333333	0.008726646250000001
86.853	-0.3	0.008333333333333333	0.008726646250000001
86.887	-0.288	0.008333333333333333	0.008726646250000001
86.92	-0.262	0.008333333333333333	0.008726646250000001
86.954	-0.223	0.008333333333333333	0.008726646250000001
86.987	-0.176	0.008333333333333333	0.008726646250000001
87.02	-0.118	0.008333333333333333	0.008726646250000001
87.054	-0.05648	0.008333333333333333	0.008726646250000001
87.087	0.004801	0.008333333333333333	0.008726646250000001
87.12	0.06662	0.008333333333333333	0.008726646250000001
87.154	0.146	0.008333333333333333	0.008726646250000001
87.187	0.203	0.008333333333333333	0.008726646250000001
87.22	0.249	0.008333333333333333	0.008726646250000001
87.254	0.283	0.008333333333333333	0.008726646250000001
87.287	0.304	0.008333333333333333	0.008726646250000001
87.321	0.311	0.008333333333333333	0.008726646250000001
87.354	0.304	0.008333333333333333	0.008726646250000001
87.387	0.282	0.008333333333333333	0.008726646250000001
87.421	0.248	0.008333333333333333	0.008726646250000001
87.454	0.202	0.008333333333333333	0.008726646250000001
87.487	0.146	0.008333333333333333	0.008726646250000001
87.521	0.08422	0.008333333333333333	0.008726646250000001
87.554	0.02184	0.008333333333333333	0.008726646250000001
87.588	-0.04633	0.008333333333333333	0.008726646250000001
87.621	-0.108	0.008333333333333333	0.008726646250000001
87.654	-0.164	0.008333333333333333	0.008726646250000001
87.688	-0.218	0.008333333333333333	0.008726646250000001
87.721	-0.256	0.008333333333333333	0.008726646250000001
87.754	-0.286	0.008333333333333333	0.008726646250000001
87.788	-0.297	0.008333333333333333	0.008726646250000001
87.821	-0.295	0.008333333333333333	0.008726646250000001
87.854	-0.282	0.008333333333333333	0.008726646250000001
87.888	-0.256	0.008333333333333333	0.008726646250000001
87.921	-0.214	0.008333333333333333	0.008726646250000001
87.955	-0.162	0.008333333333333333	0.008726646250000001
87.988	-0.105	0.008333333333333333	0.008726646250000001
88.021	-0.03883	0.008333333333333333	0.008726646250000001
88.055	0.02945	0.008333333333333333	0.008726646250000001
88.088	0.09405	0.008333333333333333	0.008726646250000001
88.121	0.155	0.008333333333333333	0.008726646250000001
88.155	0.207	0.008333333333333333	0.008726646250000001
88.188	0.252	0.008333333333333333	0.008726646250000001
88.221	0.285	0.008333333333333333	0.008726646250000001
88.255	0.297	0.008333333333333333	0.008726646250000001
88.288	0.309	0.008333333333333333	0.008726646250000001
88.322	0.307	0.008333333333333333	0.008726646250000001
88.355	0.291	0.008333333333333333	0.008726646250000001
88.388	0.261	0.008333333333333333	0.008726646250000001
88.422	0.222	0.008333333333333333	0.008726646250000001
88.455	0.17	0.008333333333333333	0.008726646250000001
88.488	0.114	0.008333333333333333	0.008726646250000001
88.522	0.04865	0.008333333333333333	0.008726646250000001
88.555	-0.01609	0.008333333333333333	0.008726646250000001
88.588	-0.08695	0.008333333333333333	0.008726646250000001
88.622	-0.144	0.008333333333333333	0.008726646250000001
88.655	-0.195	0.008333333333333333	0.008726646250000001
88.689	-0.238	0.008333333333333333	0.008726646250000001
88.722	-0.274	0.008333333333333333	0.008726646250000001
88.755	-0.292	0.008333333333333333	0.008726646250000001
88.789	-0.297	0.008333333333333333	0.008726646250000001
88.822	-0.288	0.008333333333333333	0.008726646250000001
88.855	-0.266	0.008333333333333333	0.008726646250000001
88.889	-0.229	0.008333333333333333	0.008726646250000001
88.922	-0.182	0.008333333333333333	0.008726646250000001
88.956	-0.131	0.008333333333333333	0.008726646250000001
88.989	-0.06554	0.008333333333333333	0.008726646250000001
89.022	-0.002887	0.008333333333333333	0.008726646250000001
89.056	0.06117	0.008333333333333333	0.008726646250000001
89.089	0.125	0.008333333333333333	0.008726646250000001
89.122	0.184	0.008333333333333333	0.008726646250000001
89.156	0.233	0.008333333333333333	0.008726646250000001
89.189	0.271	0.008333333333333333	0.008726646250000001
89.222	0.297	0.008333333333333333	0.008726646250000001
89.256	0.308	0.008333333333333333	0.008726646250000001
89.289	0.303	0.008333333333333333	0.008726646250000001
89.323	0.287	0.008333333333333333	0.008726646250000001
89.356	0.26	0.008333333333333333	0.008726646250000001
89.389	0.216	0.008333333333333333	0.008726646250000001
89.423	0.16	0.008333333333333333	0.008726646250000001
89.456	0.09658	0.008333333333333333	0.008726646250000001
89.489	0.03214	0.008333333333333333	0.008726646250000001
89.523	-0.03205	0.008333333333333333	0.008726646250000001
89.556	-0.09732	0.008333333333333333	0.008726646250000001
89.59	-0.154	0.008333333333333333	0.008726646250000001
89.623	-0.205	0.008333333333333333	0.008726646250000001
89.656	-0.252	0.008333333333333333	0.008726646250000001
89.69	-0.279	0.008333333333333333	0.008726646250000001
89.723	-0.296	0.008333333333333333	0.008726646250000001
89.756	-0.3	0.008333333333333333	0.008726646250000001
89.79	-0.289	0.008333333333333333	0.008726646250000001
89.823	-0.263	0.008333333333333333	0.008726646250000001
89.856	-0.227	0.008333333333333333	0.008726646250000001
89.89	-0.18	0.008333333333333333	0.008726646250000001
89.923	-0.127	0.008333333333333333	0.008726646250000001
89.957	-0.07058	0.008333333333333333	0.008726646250000001
89.99	-0.002324	0.008333333333333333	0.008726646250000001
90.023	0.06338	0.008333333333333333	0.008726646250000001
90.057	0.125	0.008333333333333333	0.008726646250000001
90.09	0.181	0.008333333333333333	0.008726646250000001
90.123	0.229	0.008333333333333333	0.008726646250000001
90.157	0.268	0.008333333333333333	0.008726646250000001
90.19	0.292	0.008333333333333333	0.008726646250000001
90.223	0.305	0.008333333333333333	0.008726646250000001
90.257	0.3	0.008333333333333333	0.008726646250000001
90.29	0.28	0.008333333333333333	0.008726646250000001
90.324	0.248	0.008333333333333333	0.008726646250000001
90.357	0.203	0.008333333333333333	0.008726646250000001
90.39	0.149	0.008333333333333333	0.008726646250000001
90.424	0.08976	0.008333333333333333	0.008726646250000001
90.457	0.02724	0.008333333333333333	0.008726646250000001
90.49	-0.03768	0.008333333333333333	0.008726646250000001
90.524	-0.103	0.008333333333333333	0.008726646250000001
90.557	-0.161	0.008333333333333333	0.008726646250000001
90.591	-0.216	0.008333333333333333	0.008726646250000001
90.624	-0.254	0.008333333333333333	0.008726646250000001
90.657	-0.282	0.008333333333333333	0.008726646250000001
90.691	-0.296	0.008333333333333333	0.008726646250000001
90.724	-0.298	0.008333333333333333	0.008726646250000001
90.757	-0.286	0.008333333333333333	0.008726646250000001
90.791	-0.26	0.008333333333333333	0.008726646250000001
90.824	-0.224	0.008333333333333333	0.008726646250000001
90.857	-0.174	0.008333333333333333	0.008726646250000001
90.891	-0.122	0.008333333333333333	0.008726646250000001
90.924	-0.06697	0.008333333333333333	0.008726646250000001
90.958	0.006468	0.008333333333333333	0.008726646250000001
90.991	0.07097	0.008333333333333333	0.008726646250000001
91.024	0.132	0.008333333333333333	0.008726646250000001
91.058	0.189	0.008333333333333333	0.008726646250000001
91.091	0.237	0.008333333333333333	0.008726646250000001
91.124	0.272	0.008333333333333333	0.008726646250000001
91.158	0.295	0.008333333333333333	0.008726646250000001
91.191	0.304	0.008333333333333333	0.008726646250000001
91.224	0.297	0.008333333333333333	0.008726646250000001
91.258	0.278	0.008333333333333333	0.008726646250000001
91.291	0.246	0.008333333333333333	0.008726646250000001
91.325	0.202	0.008333333333333333	0.008726646250000001
91.358	0.146	0.008333333333333333	0.008726646250000001
91.391	0.08776	0.008333333333333333	0.008726646250000001
91.425	0.02448	0.008333333333333333	0.008726646250000001
91.458	-0.0428	0.008333333333333333	0.008726646250000001
91.491	-0.105	0.008333333333333333	0.008726646250000001
91.525	-0.16	0.008333333333333333	0.008726646250000001
91.558	-0.216	0.008333333333333333	0.008726646250000001
91.591	-0.253	0.008333333333333333	0.008726646250000001
91.625	-0.281	0.008333333333333333	0.008726646250000001
91.658	-0.294	0.008333333333333333	0.008726646250000001
91.692	-0.295	0.008333333333333333	0.008726646250000001
91.725	-0.283	0.008333333333333333	0.008726646250000001
91.758	-0.258	0.008333333333333333	0.008726646250000001
91.792	-0.222	0.008333333333333333	0.008726646250000001
91.825	-0.173	0.008333333333333333	0.008726646250000001
91.858	-0.119	0.008333333333333333	0.008726646250000001
91.892	-0.05393	0.008333333333333333	0.008726646250000001
91.925	0.01774	0.008333333333333333	0.008726646250000001
91.959	0.08152	0.008333333333333333	0.008726646250000001
91.992	0.142	0.008333333333333333	0.008726646250000001
92.025	0.197	0.008333333333333333	0.008726646250000001
92.059	0.244	0.008333333333333333	0.008726646250000001
92.092	0.275	0.008333333333333333	0.008726646250000001
92.125	0.295	0.008333333333333333	0.008726646250000001
92.159	0.303	0.008333333333333333	0.008726646250000001
92.192	0.296	0.008333333333333333	0.008726646250000001
92.225	0.277	0.008333333333333333	0.008726646250000001
92.259	0.244	0.008333333333333333	0.008726646250000001
92.292	0.199	0.008333333333333333	0.008726646250000001
92.326	0.148	0.008333333333333333	0.008726646250000001
92.359	0.085	0.008333333333333333	0.008726646250000001
92.392	0.02285	0.008333333333333333	0.008726646250000001
92.426	-0.04434	0.008333333333333333	0.008726646250000001
92.459	-0.108	0.008333333333333333	0.008726646250000001
92.492	-0.162	0.008333333333333333	0.008726646250000001
92.526	-0.219	0.008333333333333333	0.008726646250000001
92.559	-0.255	0.008333333333333333	0.008726646250000001
92.593	-0.28	0.008333333333333333	0.008726646250000001
92.626	-0.291	0.008333333333333333	0.008726646250000001
92.659	-0.291	0.008333333333333333	0.008726646250000001
92.693	-0.277	0.008333333333333333	0.008726646250000001
92.726	-0.251	0.008333333333333333	0.008726646250000001
92.759	-0.215	0.008333333333333333	0.008726646250000001
92.793	-0.166	0.008333333333333333	0.008726646250000001
92.826	-0.111	0.008333333333333333	0.008726646250000001
92.859	-0.05053	0.008333333333333333	0.008726646250000001
92.893	0.02846	0.008333333333333333	0.008726646250000001
92.926	0.09027	0.008333333333333333	0.008726646250000001
92.96	0.15	0.008333333333333333	0.008726646250000001
92.993	0.202	0.008333333333333333	0.008726646250000001
93.026	0.244	0.008333333333333333	0.008726646250000001
93.06	0.278	0.008333333333333333	0.008726646250000001
93.093	0.298	0.008333333333333333	0.008726646250000001
93.126	0.304	0.008333333333333333	0.008726646250000001
93.16	0.297	0.008333333333333333	0.008726646250000001
93.193	0.275	0.008333333333333333	0.008726646250000001
93.226	0.239	0.008333333333333333	0.008726646250000001
93.26	0.194	0.008333333333333333	0.008726646250000001
93.293	0.14	0.008333333333333333	0.008726646250000001
93.327	0.07942	0.008333333333333333	0.008726646250000001
93.36	0.0161	0.008333333333333333	0.008726646250000001
93.393	-0.04822	0.008333333333333333	0.008726646250000001
93.427	-0.111	0.008333333333333333	0.008726646250000001
93.46	-0.164	0.008333333333333333	0.008726646250000001
93.493	-0.222	0.008333333333333333	0.008726646250000001
93.527	-0.256	0.008333333333333333	0.008726646250000001
93.56	-0.278	0.008333333333333333	0.008726646250000001
93.594	-0.289	0.008333333333333333	0.008726646250000001
93.627	-0.287	0.008333333333333333	0.008726646250000001
93.66	-0.273	0.008333333333333333	0.008726646250000001
93.694	-0.245	0.008333333333333333	0.008726646250000001
93.727	-0.207	0.008333333333333333	0.008726646250000001
93.76	-0.158	0.008333333333333333	0.008726646250000001
93.794	-0.101	0.008333333333333333	0.008726646250000001
93.827	-0.04577	0.008333333333333333	0.008726646250000001
93.86	0.03536	0.008333333333333333	0.008726646250000001
93.894	0.09844	0.008333333333333333	0.008726646250000001
93.927	0.154	0.008333333333333333	0.008726646250000001
93.961	0.208	0.008333333333333333	0.008726646250000001
93.994	0.249	0.008333333333333333	0.008726646250000001
94.027	0.281	0.008333333333333333	0.008726646250000001
94.061	0.298	0.008333333333333333	0.008726646250000001
94.094	0.303	0.008333333333333333	0.008726646250000001
94.127	0.292	0.008333333333333333	0.008726646250000001
94.161	0.27	0.008333333333333333	0.008726646250000001
94.194	0.234	0.008333333333333333	0.008726646250000001
94.227	0.189	0.008333333333333333	0.008726646250000001
94.261	0.134	0.008333333333333333	0.008726646250000001
94.294	0.07397	0.008333333333333333	0.008726646250000001
94.328	0.01159	0.008333333333333333	0.008726646250000001
94.361	-0.05177	0.008333333333333333	0.008726646250000001
94.394	-0.123	0.008333333333333333	0.008726646250000001
94.428	-0.176	0.008333333333333333	0.008726646250000001
94.461	-0.221	0.008333333333333333	0.008726646250000001
94.494	-0.256	0.008333333333333333	0.008726646250000001
94.528	-0.278	0.008333333333333333	0.008726646250000001
94.561	-0.287	0.008333333333333333	0.008726646250000001
94.594	-0.285	0.008333333333333333	0.008726646250000001
94.628	-0.269	0.008333333333333333	0.008726646250000001
94.661	-0.24	0.008333333333333333	0.008726646250000001
94.695	-0.2	0.008333333333333333	0.008726646250000001
94.728	-0.15	0.008333333333333333	0.008726646250000001
94.761	-0.09345	0.008333333333333333	0.008726646250000001
94.795	-0.03561	0.008333333333333333	0.008726646250000001
94.828	0.04444	0.008333333333333333	0.008726646250000001
94.861	0.104	0.008333333333333333	0.008726646250000001
94.895	0.163	0.008333333333333333	0.008726646250000001
94.928	0.212	0.008333333333333333	0.008726646250000001
94.962	0.254	0.008333333333333333	0.008726646250000001
94.995	0.283	0.008333333333333333	0.008726646250000001
95.028	0.299	0.008333333333333333	0.008726646250000001
95.062	0.302	0.008333333333333333	0.008726646250000001
95.095	0.29	0.008333333333333333	0.008726646250000001
95.128	0.266	0.008333333333333333	0.008726646250000001
95.162	0.23	0.008333333333333333	0.008726646250000001
95.195	0.185	0.008333333333333333	0.008726646250000001
95.228	0.13	0.008333333333333333	0.008726646250000001
95.262	0.06873	0.008333333333333333	0.008726646250000001
95.295	0.006209	0.008333333333333333	0.008726646250000001
95.329	-0.05937	0.008333333333333333	0.008726646250000001
95.362	-0.124	0.008333333333333333	0.008726646250000001
95.395	-0.176	0.008333333333333333	0.008726646250000001
95.429	-0.221	0.008333333333333333	0.008726646250000001
95.462	-0.254	0.008333333333333333	0.008726646250000001
95.495	-0.275	0.008333333333333333	0.008726646250000001
95.529	-0.283	0.008333333333333333	0.008726646250000001
95.562	-0.278	0.008333333333333333	0.008726646250000001
95.596	-0.261	0.008333333333333333	0.008726646250000001
95.629	-0.231	0.008333333333333333	0.008726646250000001
95.662	-0.19	0.008333333333333333	0.008726646250000001
95.696	-0.139	0.008333333333333333	0.008726646250000001
95.729	-0.08371	0.008333333333333333	0.008726646250000001
95.762	-0.02397	0.008333333333333333	0.008726646250000001
95.796	0.04951	0.008333333333333333	0.008726646250000001
95.829	0.113	0.008333333333333333	0.008726646250000001
95.862	0.17	0.008333333333333333	0.008726646250000001
95.896	0.216	0.008333333333333333	0.008726646250000001
95.929	0.255	0.008333333333333333	0.008726646250000001
95.963	0.284	0.008333333333333333	0.008726646250000001
95.996	0.298	0.008333333333333333	0.008726646250000001
96.029	0.299	0.008333333333333333	0.008726646250000001
96.063	0.286	0.008333333333333333	0.008726646250000001
96.096	0.262	0.008333333333333333	0.008726646250000001
96.129	0.224	0.008333333333333333	0.008726646250000001
96.163	0.177	0.008333333333333333	0.008726646250000001
96.196	0.121	0.008333333333333333	0.008726646250000001
96.229	0.06031	0.008333333333333333	0.008726646250000001
96.263	-0.004247	0.008333333333333333	0.008726646250000001
96.296	-0.06613	0.008333333333333333	0.008726646250000001
96.33	-0.127	0.008333333333333333	0.008726646250000001
96.363	-0.179	0.008333333333333333	0.008726646250000001
96.396	-0.225	0.008333333333333333	0.008726646250000001
96.43	-0.257	0.008333333333333333	0.008726646250000001
96.463	-0.278	0.008333333333333333	0.008726646250000001
96.496	-0.284	0.008333333333333333	0.008726646250000001
96.53	-0.279	0.008333333333333333	0.008726646250000001
96.563	-0.26	0.008333333333333333	0.008726646250000001
96.597	-0.229	0.008333333333333333	0.008726646250000001
96.63	-0.186	0.008333333333333333	0.008726646250000001
96.663	-0.133	0.008333333333333333	0.008726646250000001
96.697	-0.07592	0.008333333333333333	0.008726646250000001
96.73	-0.01602	0.008333333333333333	0.008726646250000001
96.763	0.05384	0.008333333333333333	0.008726646250000001
96.797	0.114	0.008333333333333333	0.008726646250000001
96.83	0.171	0.008333333333333333	0.008726646250000001
96.863	0.217	0.008333333333333333	0.008726646250000001
96.897	0.257	0.008333333333333333	0.008726646250000001
96.93	0.281	0.008333333333333333	0.008726646250000001
96.964	0.293	0.008333333333333333	0.008726646250000001
96.997	0.292	0.008333333333333333	0.008726646250000001
97.03	0.279	0.008333333333333333	0.008726646250000001
97.064	0.254	0.008333333333333333	0.008726646250000001
97.097	0.215	0.008333333333333333	0.008726646250000001
97.13	0.166	0.008333333333333333	0.008726646250000001
97.164	0.111	0.008333333333333333	0.008726646250000001
97.197	0.05032	0.008333333333333333	0.008726646250000001
97.23	-0.01375	0.008333333333333333	0.008726646250000001
97.264	-0.07531	0.008333333333333333	0.008726646250000001
97.297	-0.133	0.008333333333333333	0.008726646250000001
97.331	-0.181	0.008333333333333333	0.008726646250000001
97.364	-0.226	0.008333333333333333	0.008726646250000001
97.397	-0.257	0.008333333333333333	0.008726646250000001
97.431	-0.276	0.008333333333333333	0.008726646250000001
97.464	-0.28	0.008333333333333333	0.008726646250000001
97.497	-0.274	0.008333333333333333	0.008726646250000001
97.531	-0.253	0.008333333333333333	0.008726646250000001
97.564	-0.221	0.008333333333333333	0.008726646250000001
97.597	-0.176	0.008333333333333333	0.008726646250000001
97.631	-0.125	0.008333333333333333	0.008726646250000001
97.664	-0.06727	0.008333333333333333	0.008726646250000001
97.698	-0.003035	0.008333333333333333	0.008726646250000001
97.731	0.06079	0.008333333333333333	0.008726646250000001
97.764	0.121	0.008333333333333333	0.008726646250000001
97.798	0.176	0.008333333333333333	0.008726646250000001
97.831	0.223	0.008333333333333333	0.008726646250000001
97.864	0.26	0.008333333333333333	0.008726646250000001
97.898	0.283	0.008333333333333333	0.008726646250000001
97.931	0.295	0.008333333333333333	0.008726646250000001
97.965	0.292	0.008333333333333333	0.008726646250000001
97.998	0.278	0.008333333333333333	0.008726646250000001
98.031	0.25	0.008333333333333333	0.008726646250000001
98.065	0.21	0.008333333333333333	0.008726646250000001
98.098	0.162	0.008333333333333333	0.008726646250000001
98.131	0.104	0.008333333333333333	0.008726646250000001
98.165	0.04497	0.008333333333333333	0.008726646250000001
98.198	-0.01886	0.008333333333333333	0.008726646250000001
98.231	-0.07859	0.008333333333333333	0.008726646250000001
98.265	-0.136	0.008333333333333333	0.008726646250000001
98.298	-0.179	0.008333333333333333	0.008726646250000001
98.332	-0.223	0.008333333333333333	0.008726646250000001
98.365	-0.284	0.008333333333333333	0.008726646250000001
98.398	-0.293	0.008333333333333333	0.008726646250000001
98.432	-0.297	0.008333333333333333	0.008726646250000001
98.465	-0.265	0.008333333333333333	0.008726646250000001
98.498	-0.245	0.008333333333333333	0.008726646250000001
98.532	-0.21	0.008333333333333333	0.008726646250000001
98.565	-0.165	0.008333333333333333	0.008726646250000001
98.599	-0.114	0.008333333333333333	0.008726646250000001
98.632	-0.05475	0.008333333333333333	0.008726646250000001
98.665	0.01012	0.008333333333333333	0.008726646250000001
98.699	0.07097	0.008333333333333333	0.008726646250000001
98.732	0.131	0.008333333333333333	0.008726646250000001
98.765	0.186	0.008333333333333333	0.008726646250000001
98.799	0.23	0.008333333333333333	0.008726646250000001
98.832	0.266	0.008333333333333333	0.008726646250000001
98.865	0.289	0.008333333333333333	0.008726646250000001
98.899	0.299	0.008333333333333333	0.008726646250000001
98.932	0.295	0.008333333333333333	0.008726646250000001
98.966	0.278	0.008333333333333333	0.008726646250000001
98.999	0.248	0.008333333333333333	0.008726646250000001
99.032	0.207	0.008333333333333333	0.008726646250000001
99.066	0.158	0.008333333333333333	0.008726646250000001
99.099	0.102	0.008333333333333333	0.008726646250000001
99.132	0.04096	0.008333333333333333	0.008726646250000001
99.166	-0.02173	0.008333333333333333	0.008726646250000001
99.199	-0.0789	0.008333333333333333	0.008726646250000001
99.232	-0.134	0.008333333333333333	0.008726646250000001
99.266	-0.18	0.008333333333333333	0.008726646250000001
99.299	-0.218	0.008333333333333333	0.008726646250000001
99.333	-0.279	0.008333333333333333	0.008726646250000001
99.366	-0.259	0.008333333333333333	0.008726646250000001
99.399	-0.26	0.008333333333333333	0.008726646250000001
99.433	-0.251	0.008333333333333333	0.008726646250000001
99.466	-0.228	0.008333333333333333	0.008726646250000001
99.499	-0.196	0.008333333333333333	0.008726646250000001
99.533	-0.151	0.008333333333333333	0.008726646250000001
99.566	-0.09959	0.008333333333333333	0.008726646250000001
99.6	-0.0421	0.008333333333333333	0.008726646250000001
99.633	0.01902	0.008333333333333333	0.008726646250000001
99.666	0.07911	0.008333333333333333	0.008726646250000001
99.7	0.137	0.008333333333333333	0.008726646250000001
99.733	0.188	0.008333333333333333	0.008726646250000001
99.766	0.214	0.008333333333333333	0.008726646250000001
99.8	0.247	0.008333333333333333	0.008726646250000001
99.833	0.269	0.008333333333333333	0.008726646250000001
99.866	0.276	0.008333333333333333	0.008726646250000001
99.9	0.27	0.008333333333333333	0.008726646250000001
99.933	0.252	0.008333333333333333	0.008726646250000001
99.967	0.22	0.008333333333333333	0.008726646250000001
100.0	0.177	0.008333333333333333	0.008726646250000001
100.033	0.141	0.008333333333333333	0.008726646250000001
100.067	0.08493	0.008333333333333333	0.008726646250000001
100.1	0.02616	0.008333333333333333	0.008726646250000001
100.133	-0.03343	0.008333333333333333	0.008726646250000001
100.167	-0.09161	0.008333333333333333	0.008726646250000001
100.2	-0.144	0.008333333333333333	0.008726646250000001
100.233	-0.19	0.008333333333333333	0.008726646250000001
100.267	-0.226	0.008333333333333333	0.008726646250000001
100.3	-0.252	0.008333333333333333	0.008726646250000001
100.334	-0.265	0.008333333333333333	0.008726646250000001
100.367	-0.265	0.008333333333333333	0.008726646250000001
100.4	-0.254	0.008333333333333333	0.008726646250000001
100.434	-0.23	0.008333333333333333	0.008726646250000001
100.467	-0.196	0.008333333333333333	0.008726646250000001
100.5	-0.151	0.008333333333333333	0.008726646250000001
100.534	-0.0989	0.008333333333333333	0.008726646250000001
100.567	-0.04244	0.008333333333333333	0.008726646250000001
100.6	0.017	0.008333333333333333	0.008726646250000001
100.634	0.07477	0.008333333333333333	0.008726646250000001
100.667	0.131	0.008333333333333333	0.008726646250000001
100.701	0.18	0.008333333333333333	0.008726646250000001
100.734	0.221	0.008333333333333333	0.008726646250000001
100.767	0.251	0.008333333333333333	0.008726646250000001
100.801	0.27	0.008333333333333333	0.008726646250000001
100.834	0.275	0.008333333333333333	0.008726646250000001
100.867	0.267	0.008333333333333333	0.008726646250000001
100.901	0.246	0.008333333333333333	0.008726646250000001
100.934	0.214	0.008333333333333333	0.008726646250000001
100.968	0.171	0.008333333333333333	0.008726646250000001
101.001	0.119	0.008333333333333333	0.008726646250000001
101.034	0.06358	0.008333333333333333	0.008726646250000001
101.068	0.003515	0.008333333333333333	0.008726646250000001
101.101	-0.05558	0.008333333333333333	0.008726646250000001
101.134	-0.113	0.008333333333333333	0.008726646250000001
101.168	-0.164	0.008333333333333333	0.008726646250000001
101.201	-0.21	0.008333333333333333	0.008726646250000001
101.234	-0.245	0.008333333333333333	0.008726646250000001
101.268	-0.269	0.008333333333333333	0.008726646250000001
101.301	-0.297	0.008333333333333333	0.008726646250000001
101.335	-0.287	0.008333333333333333	0.008726646250000001
101.368	-0.282	0.008333333333333333	0.008726646250000001
101.401	-0.26	0.008333333333333333	0.008726646250000001
101.435	-0.225	0.008333333333333333	0.008726646250000001
101.468	-0.184	0.008333333333333333	0.008726646250000001
101.501	-0.136	0.008333333333333333	0.008726646250000001
101.535	-0.08085	0.008333333333333333	0.008726646250000001
101.568	-0.02197	0.008333333333333333	0.008726646250000001
101.602	0.03588	0.008333333333333333	0.008726646250000001
101.635	0.09194	0.008333333333333333	0.008726646250000001
101.668	0.144	0.008333333333333333	0.008726646250000001
101.702	0.188	0.008333333333333333	0.008726646250000001
101.735	0.222	0.008333333333333333	0.008726646250000001
101.768	0.245	0.008333333333333333	0.008726646250000001
101.802	0.255	0.008333333333333333	0.008726646250000001
101.835	0.253	0.008333333333333333	0.008726646250000001
101.868	0.237	0.008333333333333333	0.008726646250000001
101.902	0.209	0.008333333333333333	0.008726646250000001
101.935	0.17	0.008333333333333333	0.008726646250000001
101.969	0.122	0.008333333333333333	0.008726646250000001
102.002	0.06891	0.008333333333333333	0.008726646250000001
102.035	0.01126	0.008333333333333333	0.008726646250000001
102.069	-0.04812	0.008333333333333333	0.008726646250000001
102.102	-0.107	0.008333333333333333	0.008726646250000001
102.135	-0.161	0.008333333333333333	0.008726646250000001
102.169	-0.209	0.008333333333333333	0.008726646250000001
102.202	-0.248	0.008333333333333333	0.008726646250000001
102.235	-0.277	0.008333333333333333	0.008726646250000001
102.269	-0.291	0.008333333333333333	0.008726646250000001
102.302	-0.298	0.008333333333333333	0.008726646250000001
102.336	-0.29	0.008333333333333333	0.008726646250000001
102.369	-0.27	0.008333333333333333	0.008726646250000001
102.402	-0.237	0.008333333333333333	0.008726646250000001
102.436	-0.196	0.008333333333333333	0.008726646250000001
102.469	-0.146	0.008333333333333333	0.008726646250000001
102.502	-0.09049	0.008333333333333333	0.008726646250000001
102.536	-0.0331	0.008333333333333333	0.008726646250000001
102.569	0.02638	0.008333333333333333	0.008726646250000001
102.603	0.08165	0.008333333333333333	0.008726646250000001
102.636	0.133	0.008333333333333333	0.008726646250000001
102.669	0.174	0.008333333333333333	0.008726646250000001
102.703	0.207	0.008333333333333333	0.008726646250000001
102.736	0.251	0.008333333333333333	0.008726646250000001
102.769	0.268	0.008333333333333333	0.008726646250000001
102.803	0.233	0.008333333333333333	0.008726646250000001
102.836	0.217	0.008333333333333333	0.008726646250000001
102.869	0.188	0.008333333333333333	0.008726646250000001
102.903	0.15	0.008333333333333333	0.008726646250000001
102.936	0.102	0.008333333333333333	0.008726646250000001
102.97	0.04809	0.008333333333333333	0.008726646250000001
103.003	-0.01016	0.008333333333333333	0.008726646250000001
103.036	-0.06839	0.008333333333333333	0.008726646250000001
103.07	-0.126	0.008333333333333333	0.008726646250000001
103.103	-0.18	0.008333333333333333	0.008726646250000001
103.136	-0.227	0.008333333333333333	0.008726646250000001
103.17	-0.265	0.008333333333333333	0.008726646250000001
103.203	-0.268	0.008333333333333333	0.008726646250000001
103.236	-0.286	0.008333333333333333	0.008726646250000001
103.27	-0.293	0.008333333333333333	0.008726646250000001
103.303	-0.275	0.008333333333333333	0.008726646250000001
103.337	-0.25	0.008333333333333333	0.008726646250000001
103.37	-0.222	0.008333333333333333	0.008726646250000001
103.403	-0.175	0.008333333333333333	0.008726646250000001
103.437	-0.129	0.008333333333333333	0.008726646250000001
103.47	-0.09832	0.008333333333333333	0.008726646250000001
103.503	-0.03891	0.008333333333333333	0.008726646250000001
103.537	0.01937	0.008333333333333333	0.008726646250000001
103.57	0.07473	0.008333333333333333	0.008726646250000001
103.603	0.123	0.008333333333333333	0.008726646250000001
103.637	0.166	0.008333333333333333	0.008726646250000001
103.67	0.197	0.008333333333333333	0.008726646250000001
103.704	0.216	0.008333333333333333	0.008726646250000001
103.737	0.224	0.008333333333333333	0.008726646250000001
103.77	0.263	0.008333333333333333	0.008726646250000001
103.804	0.202	0.008333333333333333	0.008726646250000001
103.837	0.173	0.008333333333333333	0.008726646250000001
103.87	0.133	0.008333333333333333	0.008726646250000001
103.904	0.08489	0.008333333333333333	0.008726646250000001
103.937	0.03134	0.008333333333333333	0.008726646250000001
103.971	-0.02623	0.008333333333333333	0.008726646250000001
104.004	-0.08433	0.008333333333333333	0.008726646250000001
104.037	-0.143	0.008333333333333333	0.008726646250000001
104.071	-0.194	0.008333333333333333	0.008726646250000001
104.104	-0.24	0.008333333333333333	0.008726646250000001
104.137	-0.248	0.008333333333333333	0.008726646250000001
104.171	-0.277	0.008333333333333333	0.008726646250000001
104.204	-0.28	0.008333333333333333	0.008726646250000001
104.237	-0.284	0.008333333333333333	0.008726646250000001
104.271	-0.271	0.008333333333333333	0.008726646250000001
104.304	-0.283	0.008333333333333333	0.008726646250000001
104.338	-0.248	0.008333333333333333	0.008726646250000001
104.371	-0.204	0.008333333333333333	0.008726646250000001
104.404	-0.154	0.008333333333333333	0.008726646250000001
104.438	-0.09783	0.008333333333333333	0.008726646250000001
104.471	-0.03913	0.008333333333333333	0.008726646250000001
104.504	0.01946	0.008333333333333333	0.008726646250000001
104.538	0.07339	0.008333333333333333	0.008726646250000001
104.571	0.123	0.008333333333333333	0.008726646250000001
104.605	0.163	0.008333333333333333	0.008726646250000001
104.638	0.241	0.008333333333333333	0.008726646250000001
104.671	0.263	0.008333333333333333	0.008726646250000001
104.705	0.272	0.008333333333333333	0.008726646250000001
104.738	0.213	0.008333333333333333	0.008726646250000001
104.771	0.193	0.008333333333333333	0.008726646250000001
104.805	0.164	0.008333333333333333	0.008726646250000001
104.838	0.123	0.008333333333333333	0.008726646250000001
104.871	0.07399	0.008333333333333333	0.008726646250000001
104.905	0.02003	0.008333333333333333	0.008726646250000001
104.938	-0.03737	0.008333333333333333	0.008726646250000001
104.972	-0.0951	0.008333333333333333	0.008726646250000001
105.005	-0.151	0.008333333333333333	0.008726646250000001
105.038	-0.204	0.008333333333333333	0.008726646250000001
105.072	-0.219	0.008333333333333333	0.008726646250000001
105.105	-0.252	0.008333333333333333	0.008726646250000001
105.138	-0.275	0.008333333333333333	0.008726646250000001
105.172	-0.291	0.008333333333333333	0.008726646250000001
105.205	-0.288	0.008333333333333333	0.008726646250000001
105.238	-0.275	0.008333333333333333	0.008726646250000001
105.272	-0.251	0.008333333333333333	0.008726646250000001
105.305	-0.243	0.008333333333333333	0.008726646250000001
105.339	-0.199	0.008333333333333333	0.008726646250000001
105.372	-0.148	0.008333333333333333	0.008726646250000001
105.405	-0.08986	0.008333333333333333	0.008726646250000001
105.439	-0.03212	0.008333333333333333	0.008726646250000001
105.472	0.02527	0.008333333333333333	0.008726646250000001
105.505	0.07982	0.008333333333333333	0.008726646250000001
105.539	0.128	0.008333333333333333	0.008726646250000001
105.572	0.166	0.008333333333333333	0.008726646250000001
105.606	0.194	0.008333333333333333	0.008726646250000001
105.639	0.257	0.008333333333333333	0.008726646250000001
105.672	0.258	0.008333333333333333	0.008726646250000001
105.706	0.25	0.008333333333333333	0.008726646250000001
105.739	0.188	0.008333333333333333	0.008726646250000001
105.772	0.157	0.008333333333333333	0.008726646250000001
105.806	0.115	0.008333333333333333	0.008726646250000001
105.839	0.06654	0.008333333333333333	0.008726646250000001
105.872	0.01231	0.008333333333333333	0.008726646250000001
105.906	-0.0451	0.008333333333333333	0.008726646250000001
105.939	-0.102	0.008333333333333333	0.008726646250000001
105.973	-0.157	0.008333333333333333	0.008726646250000001
106.006	-0.207	0.008333333333333333	0.008726646250000001
106.039	-0.219	0.008333333333333333	0.008726646250000001
106.073	-0.281	0.008333333333333333	0.008726646250000001
106.106	-0.278	0.008333333333333333	0.008726646250000001
106.139	-0.292	0.008333333333333333	0.008726646250000001
106.173	-0.312	0.008333333333333333	0.008726646250000001
106.206	-0.297	0.008333333333333333	0.008726646250000001
106.239	-0.27	0.008333333333333333	0.008726646250000001
106.273	-0.233	0.008333333333333333	0.008726646250000001
106.306	-0.187	0.008333333333333333	0.008726646250000001
106.34	-0.136	0.008333333333333333	0.008726646250000001
106.373	-0.07892	0.008333333333333333	0.008726646250000001
106.406	-0.02038	0.008333333333333333	0.008726646250000001
106.44	0.03559	0.008333333333333333	0.008726646250000001
106.473	0.08834	0.008333333333333333	0.008726646250000001
106.506	0.135	0.008333333333333333	0.008726646250000001
106.54	0.172	0.008333333333333333	0.008726646250000001
106.573	0.233	0.008333333333333333	0.008726646250000001
106.606	0.256	0.008333333333333333	0.008726646250000001
106.64	0.259	0.008333333333333333	0.008726646250000001
106.673	0.209	0.008333333333333333	0.008726646250000001
106.707	0.187	0.008333333333333333	0.008726646250000001
106.74	0.156	0.008333333333333333	0.008726646250000001
106.773	0.114	0.008333333333333333	0.008726646250000001
106.807	0.06454	0.008333333333333333	0.008726646250000001
106.84	0.01026	0.008333333333333333	0.008726646250000001
106.873	-0.04751	0.008333333333333333	0.008726646250000001
106.907	-0.104	0.008333333333333333	0.008726646250000001
106.94	-0.157	0.008333333333333333	0.008726646250000001
106.974	-0.206	0.008333333333333333	0.008726646250000001
107.007	-0.248	0.008333333333333333	0.008726646250000001
107.04	-0.253	0.008333333333333333	0.008726646250000001
107.074	-0.27	0.008333333333333333	0.008726646250000001
107.107	-0.289	0.008333333333333333	0.008726646250000001
107.14	-0.283	0.008333333333333333	0.008726646250000001
107.174	-0.261	0.008333333333333333	0.008726646250000001
107.207	-0.233	0.008333333333333333	0.008726646250000001
107.24	-0.198	0.008333333333333333	0.008726646250000001
107.274	-0.176	0.008333333333333333	0.008726646250000001
107.307	-0.123	0.008333333333333333	0.008726646250000001
107.341	-0.06662	0.008333333333333333	0.008726646250000001
107.374	-0.009051	0.008333333333333333	0.008726646250000001
107.407	0.04723	0.008333333333333333	0.008726646250000001
107.441	0.09793	0.008333333333333333	0.008726646250000001
107.474	0.144	0.008333333333333333	0.008726646250000001
107.507	0.18	0.008333333333333333	0.008726646250000001
107.541	0.243	0.008333333333333333	0.008726646250000001
107.574	0.256	0.008333333333333333	0.008726646250000001
107.608	0.222	0.008333333333333333	0.008726646250000001
107.641	0.211	0.008333333333333333	0.008726646250000001
107.674	0.19	0.008333333333333333	0.008726646250000001
107.708	0.157	0.008333333333333333	0.008726646250000001
107.741	0.114	0.008333333333333333	0.008726646250000001
107.774	0.06449	0.008333333333333333	0.008726646250000001
107.808	0.01112	0.008333333333333333	0.008726646250000001
107.841	-0.04466	0.008333333333333333	0.008726646250000001
107.874	-0.101	0.008333333333333333	0.008726646250000001
107.908	-0.153	0.008333333333333333	0.008726646250000001
107.941	-0.201	0.008333333333333333	0.008726646250000001
107.975	-0.24	0.008333333333333333	0.008726646250000001
108.008	-0.269	0.008333333333333333	0.008726646250000001
108.041	-0.289	0.008333333333333333	0.008726646250000001
108.075	-0.295	0.008333333333333333	0.008726646250000001
108.108	-0.29	0.008333333333333333	0.008726646250000001
108.141	-0.271	0.008333333333333333	0.008726646250000001
108.175	-0.243	0.008333333333333333	0.008726646250000001
108.208	-0.204	0.008333333333333333	0.008726646250000001
108.241	-0.157	0.008333333333333333	0.008726646250000001
108.275	-0.105	0.008333333333333333	0.008726646250000001
108.308	-0.04827	0.008333333333333333	0.008726646250000001
108.342	0.008392	0.008333333333333333	0.008726646250000001
108.375	0.06357	0.008333333333333333	0.008726646250000001
108.408	0.114	0.008333333333333333	0.008726646250000001
108.442	0.159	0.008333333333333333	0.008726646250000001
108.475	0.195	0.008333333333333333	0.008726646250000001
108.508	0.219	0.008333333333333333	0.008726646250000001
108.542	0.257	0.008333333333333333	0.008726646250000001
108.575	0.234	0.008333333333333333	0.008726646250000001
108.609	0.222	0.008333333333333333	0.008726646250000001
108.642	0.2	0.008333333333333333	0.008726646250000001
108.675	0.165	0.008333333333333333	0.008726646250000001
108.709	0.123	0.008333333333333333	0.008726646250000001
108.742	0.07364	0.008333333333333333	0.008726646250000001
108.775	0.01983	0.008333333333333333	0.008726646250000001
108.809	-0.03636	0.008333333333333333	0.008726646250000001
108.842	-0.09192	0.008333333333333333	0.008726646250000001
108.875	-0.143	0.008333333333333333	0.008726646250000001
108.909	-0.189	0.008333333333333333	0.008726646250000001
108.942	-0.227	0.008333333333333333	0.008726646250000001
108.976	-0.255	0.008333333333333333	0.008726646250000001
109.009	-0.273	0.008333333333333333	0.008726646250000001
109.042	-0.278	0.008333333333333333	0.008726646250000001
109.076	-0.271	0.008333333333333333	0.008726646250000001
109.109	-0.252	0.008333333333333333	0.008726646250000001
109.142	-0.222	0.008333333333333333	0.008726646250000001
109.176	-0.183	0.008333333333333333	0.008726646250000001
109.209	-0.136	0.008333333333333333	0.008726646250000001
109.242	-0.08309	0.008333333333333333	0.008726646250000001
109.276	-0.02732	0.008333333333333333	0.008726646250000001
109.309	0.02951	0.008333333333333333	0.008726646250000001
109.343	0.08485	0.008333333333333333	0.008726646250000001
109.376	0.134	0.008333333333333333	0.008726646250000001
109.409	0.179	0.008333333333333333	0.008726646250000001
109.443	0.212	0.008333333333333333	0.008726646250000001
109.476	0.237	0.008333333333333333	0.008726646250000001
109.509	0.249	0.008333333333333333	0.008726646250000001
109.543	0.249	0.008333333333333333	0.008726646250000001
109.576	0.236	0.008333333333333333	0.008726646250000001
109.609	0.21	0.008333333333333333	0.008726646250000001
109.643	0.175	0.008333333333333333	0.008726646250000001
109.676	0.133	0.008333333333333333	0.008726646250000001
109.71	0.08255	0.008333333333333333	0.008726646250000001
109.743	0.02847	0.008333333333333333	0.008726646250000001
109.776	-0.02798	0.008333333333333333	0.008726646250000001
109.81	-0.08184	0.008333333333333333	0.008726646250000001
109.843	-0.132	0.008333333333333333	0.008726646250000001
109.876	-0.178	0.008333333333333333	0.008726646250000001
109.91	-0.214	0.008333333333333333	0.008726646250000001
109.943	-0.24	0.008333333333333333	0.008726646250000001
109.977	-0.255	0.008333333333333333	0.008726646250000001
110.01	-0.259	0.008333333333333333	0.008726646250000001
110.043	-0.25	0.008333333333333333	0.008726646250000001
110.077	-0.23	0.008333333333333333	0.008726646250000001
110.11	-0.2	0.008333333333333333	0.008726646250000001
110.143	-0.159	0.008333333333333333	0.008726646250000001
110.177	-0.112	0.008333333333333333	0.008726646250000001
110.21	-0.058	0.008333333333333333	0.008726646250000001
110.243	-0.002344	0.008333333333333333	0.008726646250000001
110.277	0.05479	0.008333333333333333	0.008726646250000001
110.31	0.109	0.008333333333333333	0.008726646250000001
110.344	0.158	0.008333333333333333	0.008726646250000001
110.377	0.2	0.008333333333333333	0.008726646250000001
110.41	0.233	0.008333333333333333	0.008726646250000001
110.444	0.256	0.008333333333333333	0.008726646250000001
110.477	0.266	0.008333333333333333	0.008726646250000001
110.51	0.263	0.008333333333333333	0.008726646250000001
110.544	0.248	0.008333333333333333	0.008726646250000001
110.577	0.222	0.008333333333333333	0.008726646250000001
110.611	0.185	0.008333333333333333	0.008726646250000001
110.644	0.141	0.008333333333333333	0.008726646250000001
110.677	0.09097	0.008333333333333333	0.008726646250000001
110.711	0.03649	0.008333333333333333	0.008726646250000001
110.744	-0.01945	0.008333333333333333	0.008726646250000001
110.777	-0.07239	0.008333333333333333	0.008726646250000001
110.811	-0.122	0.008333333333333333	0.008726646250000001
110.844	-0.165	0.008333333333333333	0.008726646250000001
110.877	-0.2	0.008333333333333333	0.008726646250000001
110.911	-0.224	0.008333333333333333	0.008726646250000001
110.944	-0.238	0.008333333333333333	0.008726646250000001
110.978	-0.24	0.008333333333333333	0.008726646250000001
111.011	-0.231	0.008333333333333333	0.008726646250000001
111.044	-0.209	0.008333333333333333	0.008726646250000001
111.078	-0.178	0.008333333333333333	0.008726646250000001
111.111	-0.137	0.008333333333333333	0.008726646250000001
111.144	-0.08872	0.008333333333333333	0.008726646250000001
111.178	-0.03636	0.008333333333333333	0.008726646250000001
111.211	0.01987	0.008333333333333333	0.008726646250000001
111.244	0.07385	0.008333333333333333	0.008726646250000001
111.278	0.127	0.008333333333333333	0.008726646250000001
111.311	0.175	0.008333333333333333	0.008726646250000001
111.345	0.215	0.008333333333333333	0.008726646250000001
111.378	0.245	0.008333333333333333	0.008726646250000001
111.411	0.265	0.008333333333333333	0.008726646250000001
111.445	0.273	0.008333333333333333	0.008726646250000001
111.478	0.269	0.008333333333333333	0.008726646250000001
111.511	0.253	0.008333333333333333	0.008726646250000001
111.545	0.224	0.008333333333333333	0.008726646250000001
111.578	0.187	0.008333333333333333	0.008726646250000001
111.612	0.141	0.008333333333333333	0.008726646250000001
111.645	0.08868	0.008333333333333333	0.008726646250000001
111.678	0.03278	0.008333333333333333	0.008726646250000001
111.712	-0.02305	0.008333333333333333	0.008726646250000001
111.745	-0.07657	0.008333333333333333	0.008726646250000001
111.778	-0.125	0.008333333333333333	0.008726646250000001
111.812	-0.169	0.008333333333333333	0.008726646250000001
111.845	-0.206	0.008333333333333333	0.008726646250000001
111.878	-0.23	0.008333333333333333	0.008726646250000001
111.912	-0.259	0.008333333333333333	0.008726646250000001
111.945	-0.259	0.008333333333333333	0.008726646250000001
111.979	-0.247	0.008333333333333333	0.008726646250000001
112.012	-0.224	0.008333333333333333	0.008726646250000001
112.045	-0.177	0.008333333333333333	0.008726646250000001
112.079	-0.136	0.008333333333333333	0.008726646250000001
112.112	-0.08565	0.008333333333333333	0.008726646250000001
112.145	-0.03269	0.008333333333333333	0.008726646250000001
112.179	0.02547	0.008333333333333333	0.008726646250000001
112.212	0.081	0.008333333333333333	0.008726646250000001
112.245	0.136	0.008333333333333333	0.008726646250000001
112.279	0.183	0.008333333333333333	0.008726646250000001
112.312	0.221	0.008333333333333333	0.008726646250000001
112.346	0.251	0.008333333333333333	0.008726646250000001
112.379	0.269	0.008333333333333333	0.008726646250000001
112.412	0.274	0.008333333333333333	0.008726646250000001
112.446	0.268	0.008333333333333333	0.008726646250000001
112.479	0.25	0.008333333333333333	0.008726646250000001
112.512	0.22	0.008333333333333333	0.008726646250000001
112.546	0.181	0.008333333333333333	0.008726646250000001
112.579	0.134	0.008333333333333333	0.008726646250000001
112.612	0.08009	0.008333333333333333	0.008726646250000001
112.646	0.02347	0.008333333333333333	0.008726646250000001
112.679	-0.0333	0.008333333333333333	0.008726646250000001
112.713	-0.08738	0.008333333333333333	0.008726646250000001
112.746	-0.139	0.008333333333333333	0.008726646250000001
112.779	-0.178	0.008333333333333333	0.008726646250000001
112.813	-0.213	0.008333333333333333	0.008726646250000001
112.846	-0.238	0.008333333333333333	0.008726646250000001
112.879	-0.251	0.008333333333333333	0.008726646250000001
112.913	-0.252	0.008333333333333333	0.008726646250000001
112.946	-0.238	0.008333333333333333	0.008726646250000001
112.98	-0.214	0.008333333333333333	0.008726646250000001
113.013	-0.18	0.008333333333333333	0.008726646250000001
113.046	-0.136	0.008333333333333333	0.008726646250000001
113.08	-0.0864	0.008333333333333333	0.008726646250000001
113.113	-0.02848	0.008333333333333333	0.008726646250000001
113.146	0.02912	0.008333333333333333	0.008726646250000001
113.18	0.08535	0.008333333333333333	0.008726646250000001
113.213	0.137	0.008333333333333333	0.008726646250000001
113.246	0.183	0.008333333333333333	0.008726646250000001
113.28	0.221	0.008333333333333333	0.008726646250000001
113.313	0.251	0.008333333333333333	0.008726646250000001
113.347	0.267	0.008333333333333333	0.008726646250000001
113.38	0.272	0.008333333333333333	0.008726646250000001
113.413	0.264	0.008333333333333333	0.008726646250000001
113.447	0.243	0.008333333333333333	0.008726646250000001
113.48	0.212	0.008333333333333333	0.008726646250000001
113.513	0.172	0.008333333333333333	0.008726646250000001
113.547	0.124	0.008333333333333333	0.008726646250000001
113.58	0.06972	0.008333333333333333	0.008726646250000001
113.614	0.01472	0.008333333333333333	0.008726646250000001
113.647	-0.04457	0.008333333333333333	0.008726646250000001
113.68	-0.09401	0.008333333333333333	0.008726646250000001
113.714	-0.147	0.008333333333333333	0.008726646250000001
113.747	-0.186	0.008333333333333333	0.008726646250000001
113.78	-0.221	0.008333333333333333	0.008726646250000001
113.814	-0.243	0.008333333333333333	0.008726646250000001
113.847	-0.254	0.008333333333333333	0.008726646250000001
113.88	-0.25	0.008333333333333333	0.008726646250000001
113.914	-0.237	0.008333333333333333	0.008726646250000001
113.947	-0.211	0.008333333333333333	0.008726646250000001
113.981	-0.174	0.008333333333333333	0.008726646250000001
114.014	-0.13	0.008333333333333333	0.008726646250000001
114.047	-0.07791	0.008333333333333333	0.008726646250000001
114.081	-0.02246	0.008333333333333333	0.008726646250000001
114.114	0.03788	0.008333333333333333	0.008726646250000001
114.147	0.09182	0.008333333333333333	0.008726646250000001
114.181	0.144	0.008333333333333333	0.008726646250000001
114.214	0.189	0.008333333333333333	0.008726646250000001
114.247	0.225	0.008333333333333333	0.008726646250000001
114.281	0.251	0.008333333333333333	0.008726646250000001
114.314	0.267	0.008333333333333333	0.008726646250000001
114.348	0.268	0.008333333333333333	0.008726646250000001
114.381	0.26	0.008333333333333333	0.008726646250000001
114.414	0.239	0.008333333333333333	0.008726646250000001
114.448	0.206	0.008333333333333333	0.008726646250000001
114.481	0.164	0.008333333333333333	0.008726646250000001
114.514	0.142	0.008333333333333333	0.008726646250000001
114.548	0.08874	0.008333333333333333	0.008726646250000001
114.581	0.03691	0.008333333333333333	0.008726646250000001
114.615	-0.0214	0.008333333333333333	0.008726646250000001
114.648	-0.07287	0.008333333333333333	0.008726646250000001
114.681	-0.132	0.008333333333333333	0.008726646250000001
114.715	-0.17	0.008333333333333333	0.008726646250000001
114.748	-0.215	0.008333333333333333	0.008726646250000001
114.781	-0.24	0.008333333333333333	0.008726646250000001
114.815	-0.253	0.008333333333333333	0.008726646250000001
114.848	-0.255	0.008333333333333333	0.008726646250000001
114.881	-0.245	0.008333333333333333	0.008726646250000001
114.915	-0.223	0.008333333333333333	0.008726646250000001
114.948	-0.192	0.008333333333333333	0.008726646250000001
114.982	-0.149	0.008333333333333333	0.008726646250000001
115.015	-0.102	0.008333333333333333	0.008726646250000001
115.048	-0.05072	0.008333333333333333	0.008726646250000001
115.082	0.004588	0.008333333333333333	0.008726646250000001
115.115	0.07014	0.008333333333333333	0.008726646250000001
115.148	0.127	0.008333333333333333	0.008726646250000001
115.182	0.172	0.008333333333333333	0.008726646250000001
115.215	0.212	0.008333333333333333	0.008726646250000001
115.248	0.241	0.008333333333333333	0.008726646250000001
115.282	0.26	0.008333333333333333	0.008726646250000001
115.315	0.269	0.008333333333333333	0.008726646250000001
115.349	0.262	0.008333333333333333	0.008726646250000001
115.382	0.245	0.008333333333333333	0.008726646250000001
115.415	0.218	0.008333333333333333	0.008726646250000001
115.449	0.179	0.008333333333333333	0.008726646250000001
115.482	0.133	0.008333333333333333	0.008726646250000001
115.515	0.07994	0.008333333333333333	0.008726646250000001
115.549	0.0251	0.008333333333333333	0.008726646250000001
115.582	-0.03014	0.008333333333333333	0.008726646250000001
115.615	-0.08126	0.008333333333333333	0.008726646250000001
115.649	-0.138	0.008333333333333333	0.008726646250000001
115.682	-0.174	0.008333333333333333	0.008726646250000001
115.716	-0.217	0.008333333333333333	0.008726646250000001
115.749	-0.24	0.008333333333333333	0.008726646250000001
115.782	-0.251	0.008333333333333333	0.008726646250000001
115.816	-0.252	0.008333333333333333	0.008726646250000001
115.849	-0.241	0.008333333333333333	0.008726646250000001
115.882	-0.218	0.008333333333333333	0.008726646250000001
115.916	-0.185	0.008333333333333333	0.008726646250000001
115.949	-0.142	0.008333333333333333	0.008726646250000001
115.983	-0.09266	0.008333333333333333	0.008726646250000001
116.016	-0.04233	0.008333333333333333	0.008726646250000001
116.049	0.01125	0.008333333333333333	0.008726646250000001
116.083	0.0656	0.008333333333333333	0.008726646250000001
116.116	0.115	0.008333333333333333	0.008726646250000001
116.149	0.159	0.008333333333333333	0.008726646250000001
116.183	0.214	0.008333333333333333	0.008726646250000001
116.216	0.245	0.008333333333333333	0.008726646250000001
116.249	0.261	0.008333333333333333	0.008726646250000001
116.283	0.267	0.008333333333333333	0.008726646250000001
116.316	0.26	0.008333333333333333	0.008726646250000001
116.35	0.241	0.008333333333333333	0.008726646250000001
116.383	0.212	0.008333333333333333	0.008726646250000001
116.416	0.174	0.008333333333333333	0.008726646250000001
116.45	0.126	0.008333333333333333	0.008726646250000001
116.483	0.07314	0.008333333333333333	0.008726646250000001
116.516	0.01836	0.008333333333333333	0.008726646250000001
116.55	-0.03915	0.008333333333333333	0.008726646250000001
116.583	-0.08871	0.008333333333333333	0.008726646250000001
116.617	-0.139	0.008333333333333333	0.008726646250000001
116.65	-0.177	0.008333333333333333	0.008726646250000001
116.683	-0.224	0.008333333333333333	0.008726646250000001
116.717	-0.245	0.008333333333333333	0.008726646250000001
116.75	-0.255	0.008333333333333333	0.008726646250000001
116.783	-0.253	0.008333333333333333	0.008726646250000001
116.817	-0.24	0.008333333333333333	0.008726646250000001
116.85	-0.216	0.008333333333333333	0.008726646250000001
116.883	-0.182	0.008333333333333333	0.008726646250000001
116.917	-0.138	0.008333333333333333	0.008726646250000001
116.95	-0.08853	0.008333333333333333	0.008726646250000001
116.984	-0.03812	0.008333333333333333	0.008726646250000001
117.017	0.03617	0.008333333333333333	0.008726646250000001
117.05	0.0909	0.008333333333333333	0.008726646250000001
117.084	0.14	0.008333333333333333	0.008726646250000001
117.117	0.185	0.008333333333333333	0.008726646250000001
117.15	0.221	0.008333333333333333	0.008726646250000001
117.184	0.248	0.008333333333333333	0.008726646250000001
117.217	0.264	0.008333333333333333	0.008726646250000001
117.25	0.267	0.008333333333333333	0.008726646250000001
117.284	0.258	0.008333333333333333	0.008726646250000001
117.317	0.238	0.008333333333333333	0.008726646250000001
117.351	0.207	0.008333333333333333	0.008726646250000001
117.384	0.167	0.008333333333333333	0.008726646250000001
117.417	0.12	0.008333333333333333	0.008726646250000001
117.451	0.06645	0.008333333333333333	0.008726646250000001
117.484	0.01106	0.008333333333333333	0.008726646250000001
117.517	-0.04765	0.008333333333333333	0.008726646250000001
117.551	-0.09592	0.008333333333333333	0.008726646250000001
117.584	-0.145	0.008333333333333333	0.008726646250000001
117.618	-0.182	0.008333333333333333	0.008726646250000001
117.651	-0.217	0.008333333333333333	0.008726646250000001
117.684	-0.239	0.008333333333333333	0.008726646250000001
117.718	-0.247	0.008333333333333333	0.008726646250000001
117.751	-0.244	0.008333333333333333	0.008726646250000001
117.784	-0.228	0.008333333333333333	0.008726646250000001
117.818	-0.203	0.008333333333333333	0.008726646250000001
117.851	-0.167	0.008333333333333333	0.008726646250000001
117.884	-0.123	0.008333333333333333	0.008726646250000001
117.918	-0.07178	0.008333333333333333	0.008726646250000001
117.951	-0.01705	0.008333333333333333	0.008726646250000001
117.985	0.03937	0.008333333333333333	0.008726646250000001
118.018	0.0947	0.008333333333333333	0.008726646250000001
118.051	0.145	0.008333333333333333	0.008726646250000001
118.085	0.189	0.008333333333333333	0.008726646250000001
118.118	0.223	0.008333333333333333	0.008726646250000001
118.151	0.248	0.008333333333333333	0.008726646250000001
118.185	0.264	0.008333333333333333	0.008726646250000001
118.218	0.266	0.008333333333333333	0.008726646250000001
118.251	0.255	0.008333333333333333	0.008726646250000001
118.285	0.233	0.008333333333333333	0.008726646250000001
118.318	0.2	0.008333333333333333	0.008726646250000001
118.352	0.16	0.008333333333333333	0.008726646250000001
118.385	0.111	0.008333333333333333	0.008726646250000001
118.418	0.05798	0.008333333333333333	0.008726646250000001
118.452	0.0007529	0.008333333333333333	0.008726646250000001
118.485	-0.05645	0.008333333333333333	0.008726646250000001
118.518	-0.105	0.008333333333333333	0.008726646250000001
118.552	-0.15	0.008333333333333333	0.008726646250000001
118.585	-0.187	0.008333333333333333	0.008726646250000001
118.618	-0.22	0.008333333333333333	0.008726646250000001
118.652	-0.238	0.008333333333333333	0.008726646250000001
118.685	-0.246	0.008333333333333333	0.008726646250000001
118.719	-0.241	0.008333333333333333	0.008726646250000001
118.752	-0.224	0.008333333333333333	0.008726646250000001
118.785	-0.196	0.008333333333333333	0.008726646250000001
118.819	-0.158	0.008333333333333333	0.008726646250000001
118.852	-0.114	0.008333333333333333	0.008726646250000001
118.885	-0.06095	0.008333333333333333	0.008726646250000001
118.919	-0.006236	0.008333333333333333	0.008726646250000001
118.952	0.04797	0.008333333333333333	0.008726646250000001
118.986	0.103	0.008333333333333333	0.008726646250000001
119.019	0.152	0.008333333333333333	0.008726646250000001
119.052	0.195	0.008333333333333333	0.008726646250000001
119.086	0.227	0.008333333333333333	0.008726646250000001
119.119	0.251	0.008333333333333333	0.008726646250000001
119.152	0.261	0.008333333333333333	0.008726646250000001
119.186	0.262	0.008333333333333333	0.008726646250000001
119.219	0.25	0.008333333333333333	0.008726646250000001
119.252	0.227	0.008333333333333333	0.008726646250000001
119.286	0.193	0.008333333333333333	0.008726646250000001
119.319	0.151	0.008333333333333333	0.008726646250000001
119.353	0.102	0.008333333333333333	0.008726646250000001
119.386	0.04842	0.008333333333333333	0.008726646250000001
119.419	-0.006364	0.008333333333333333	0.008726646250000001
119.453	-0.06142	0.008333333333333333	0.008726646250000001
119.486	-0.114	0.008333333333333333	0.008726646250000001
119.519	-0.156	0.008333333333333333	0.008726646250000001
119.553	-0.191	0.008333333333333333	0.008726646250000001
119.586	-0.222	0.008333333333333333	0.008726646250000001
119.62	-0.238	0.008333333333333333	0.008726646250000001
119.653	-0.242	0.008333333333333333	0.008726646250000001
119.686	-0.238	0.008333333333333333	0.008726646250000001
119.72	-0.218	0.008333333333333333	0.008726646250000001
119.753	-0.191	0.008333333333333333	0.008726646250000001
119.786	-0.151	0.008333333333333333	0.008726646250000001
119.82	-0.105	0.008333333333333333	0.008726646250000001
119.853	-0.05413	0.008333333333333333	0.008726646250000001
119.886	0.001227	0.008333333333333333	0.008726646250000001
119.92	0.05664	0.008333333333333333	0.008726646250000001
119.953	0.111	0.008333333333333333	0.008726646250000001
119.987	0.158	0.008333333333333333	0.008726646250000001
120.02	0.2	0.008333333333333333	0.008726646250000001
120.053	0.232	0.008333333333333333	0.008726646250000001
120.087	0.252	0.008333333333333333	0.008726646250000001
120.12	0.263	0.008333333333333333	0.008726646250000001
120.153	0.261	0.008333333333333333	0.008726646250000001
120.187	0.249	0.008333333333333333	0.008726646250000001
120.22	0.224	0.008333333333333333	0.008726646250000001
120.253	0.189	0.008333333333333333	0.008726646250000001
120.287	0.145	0.008333333333333333	0.008726646250000001
120.32	0.09502	0.008333333333333333	0.008726646250000001
120.354	0.04182	0.008333333333333333	0.008726646250000001
120.387	-0.01344	0.008333333333333333	0.008726646250000001
120.42	-0.0671	0.008333333333333333	0.008726646250000001
120.454	-0.119	0.008333333333333333	0.008726646250000001
120.487	-0.159	0.008333333333333333	0.008726646250000001
120.52	-0.197	0.008333333333333333	0.008726646250000001
120.554	-0.224	0.008333333333333333	0.008726646250000001
120.587	-0.239	0.008333333333333333	0.008726646250000001
120.621	-0.243	0.008333333333333333	0.008726646250000001
120.654	-0.235	0.008333333333333333	0.008726646250000001
120.687	-0.216	0.008333333333333333	0.008726646250000001
120.721	-0.186	0.008333333333333333	0.008726646250000001
120.754	-0.149	0.008333333333333333	0.008726646250000001
120.787	-0.09802	0.008333333333333333	0.008726646250000001
120.821	-0.04672	0.008333333333333333	0.008726646250000001
120.854	0.01012	0.008333333333333333	0.008726646250000001
120.887	0.06582	0.008333333333333333	0.008726646250000001
120.921	0.116	0.008333333333333333	0.008726646250000001
120.954	0.164	0.008333333333333333	0.008726646250000001
120.988	0.204	0.008333333333333333	0.008726646250000001
121.021	0.235	0.008333333333333333	0.008726646250000001
121.054	0.254	0.008333333333333333	0.008726646250000001
121.088	0.263	0.008333333333333333	0.008726646250000001
121.121	0.26	0.008333333333333333	0.008726646250000001
121.154	0.245	0.008333333333333333	0.008726646250000001
121.188	0.218	0.008333333333333333	0.008726646250000001
121.221	0.183	0.008333333333333333	0.008726646250000001
121.254	0.139	0.008333333333333333	0.008726646250000001
121.288	0.08862	0.008333333333333333	0.008726646250000001
121.321	0.0332	0.008333333333333333	0.008726646250000001
121.355	-0.01969	0.008333333333333333	0.008726646250000001
121.388	-0.07345	0.008333333333333333	0.008726646250000001
121.421	-0.118	0.008333333333333333	0.008726646250000001
121.455	-0.163	0.008333333333333333	0.008726646250000001
121.488	-0.199	0.008333333333333333	0.008726646250000001
121.521	-0.222	0.008333333333333333	0.008726646250000001
121.555	-0.236	0.008333333333333333	0.008726646250000001
121.588	-0.238	0.008333333333333333	0.008726646250000001
121.621	-0.227	0.008333333333333333	0.008726646250000001
121.655	-0.206	0.008333333333333333	0.008726646250000001
121.688	-0.174	0.008333333333333333	0.008726646250000001
121.722	-0.135	0.008333333333333333	0.008726646250000001
121.755	-0.08883	0.008333333333333333	0.008726646250000001
121.788	-0.03607	0.008333333333333333	0.008726646250000001
121.822	0.02037	0.008333333333333333	0.008726646250000001
121.855	0.07464	0.008333333333333333	0.008726646250000001
121.888	0.126	0.008333333333333333	0.008726646250000001
121.922	0.17	0.008333333333333333	0.008726646250000001
121.955	0.208	0.008333333333333333	0.008726646250000001
121.989	0.238	0.008333333333333333	0.008726646250000001
122.022	0.257	0.008333333333333333	0.008726646250000001
122.055	0.263	0.008333333333333333	0.008726646250000001
122.089	0.258	0.008333333333333333	0.008726646250000001
122.122	0.24	0.008333333333333333	0.008726646250000001
122.155	0.212	0.008333333333333333	0.008726646250000001
122.189	0.176	0.008333333333333333	0.008726646250000001
122.222	0.132	0.008333333333333333	0.008726646250000001
122.255	0.08041	0.008333333333333333	0.008726646250000001
122.289	0.02664	0.008333333333333333	0.008726646250000001
122.322	-0.0288	0.008333333333333333	0.008726646250000001
122.356	-0.07852	0.008333333333333333	0.008726646250000001
122.389	-0.128	0.008333333333333333	0.008726646250000001
122.422	-0.167	0.008333333333333333	0.008726646250000001
122.456	-0.203	0.008333333333333333	0.008726646250000001
122.489	-0.225	0.008333333333333333	0.008726646250000001
122.522	-0.238	0.008333333333333333	0.008726646250000001
122.556	-0.237	0.008333333333333333	0.008726646250000001
122.589	-0.224	0.008333333333333333	0.008726646250000001
122.623	-0.203	0.008333333333333333	0.008726646250000001
122.656	-0.171	0.008333333333333333	0.008726646250000001
122.689	-0.128	0.008333333333333333	0.008726646250000001
122.723	-0.08001	0.008333333333333333	0.008726646250000001
122.756	-0.02739	0.008333333333333333	0.008726646250000001
122.789	0.02882	0.008333333333333333	0.008726646250000001
122.823	0.08128	0.008333333333333333	0.008726646250000001
122.856	0.131	0.008333333333333333	0.008726646250000001
122.889	0.177	0.008333333333333333	0.008726646250000001
122.923	0.213	0.008333333333333333	0.008726646250000001
122.956	0.239	0.008333333333333333	0.008726646250000001
122.99	0.256	0.008333333333333333	0.008726646250000001
123.023	0.261	0.008333333333333333	0.008726646250000001
123.056	0.254	0.008333333333333333	0.008726646250000001
123.09	0.234	0.008333333333333333	0.008726646250000001
123.123	0.205	0.008333333333333333	0.008726646250000001
123.156	0.168	0.008333333333333333	0.008726646250000001
123.19	0.123	0.008333333333333333	0.008726646250000001
123.223	0.07203	0.008333333333333333	0.008726646250000001
123.256	0.01788	0.008333333333333333	0.008726646250000001
123.29	-0.03779	0.008333333333333333	0.008726646250000001
123.323	-0.08778	0.008333333333333333	0.008726646250000001
123.357	-0.136	0.008333333333333333	0.008726646250000001
123.39	-0.175	0.008333333333333333	0.008726646250000001
123.423	-0.205	0.008333333333333333	0.008726646250000001
123.457	-0.225	0.008333333333333333	0.008726646250000001
123.49	-0.239	0.008333333333333333	0.008726646250000001
123.523	-0.238	0.008333333333333333	0.008726646250000001
123.557	-0.223	0.008333333333333333	0.008726646250000001
123.59	-0.198	0.008333333333333333	0.008726646250000001
123.624	-0.164	0.008333333333333333	0.008726646250000001
123.657	-0.119	0.008333333333333333	0.008726646250000001
123.69	-0.07339	0.008333333333333333	0.008726646250000001
123.724	-0.02052	0.008333333333333333	0.008726646250000001
123.757	0.03572	0.008333333333333333	0.008726646250000001
123.79	0.08766	0.008333333333333333	0.008726646250000001
123.824	0.138	0.008333333333333333	0.008726646250000001
123.857	0.18	0.008333333333333333	0.008726646250000001
123.89	0.215	0.008333333333333333	0.008726646250000001
123.924	0.241	0.008333333333333333	0.008726646250000001
123.957	0.258	0.008333333333333333	0.008726646250000001
123.991	0.261	0.008333333333333333	0.008726646250000001
124.024	0.252	0.008333333333333333	0.008726646250000001
124.057	0.231	0.008333333333333333	0.008726646250000001
124.091	0.201	0.008333333333333333	0.008726646250000001
124.124	0.163	0.008333333333333333	0.008726646250000001
124.157	0.116	0.008333333333333333	0.008726646250000001
124.191	0.06478	0.008333333333333333	0.008726646250000001
124.224	0.01113	0.008333333333333333	0.008726646250000001
124.257	-0.04461	0.008333333333333333	0.008726646250000001
124.291	-0.09311	0.008333333333333333	0.008726646250000001
124.324	-0.137	0.008333333333333333	0.008726646250000001
124.358	-0.176	0.008333333333333333	0.008726646250000001
124.391	-0.223	0.008333333333333333	0.008726646250000001
124.424	-0.242	0.008333333333333333	0.008726646250000001
124.458	-0.25	0.008333333333333333	0.008726646250000001
124.491	-0.246	0.008333333333333333	0.008726646250000001
124.524	-0.231	0.008333333333333333	0.008726646250000001
124.558	-0.205	0.008333333333333333	0.008726646250000001
124.591	-0.171	0.008333333333333333	0.008726646250000001
124.624	-0.128	0.008333333333333333	0.008726646250000001
124.658	-0.07827	0.008333333333333333	0.008726646250000001
124.691	-0.009445	0.008333333333333333	0.008726646250000001
124.725	0.04437	0.008333333333333333	0.008726646250000001
124.758	0.09783	0.008333333333333333	0.008726646250000001
124.791	0.146	0.008333333333333333	0.008726646250000001
124.825	0.188	0.008333333333333333	0.008726646250000001
124.858	0.22	0.008333333333333333	0.008726646250000001
124.891	0.244	0.008333333333333333	0.008726646250000001
124.925	0.258	0.008333333333333333	0.008726646250000001
124.958	0.259	0.008333333333333333	0.008726646250000001
124.992	0.247	0.008333333333333333	0.008726646250000001
125.025	0.226	0.008333333333333333	0.008726646250000001
125.058	0.195	0.008333333333333333	0.008726646250000001
125.092	0.155	0.008333333333333333	0.008726646250000001
125.125	0.107	0.008333333333333333	0.008726646250000001
125.158	0.05576	0.008333333333333333	0.008726646250000001
125.192	0.002949	0.008333333333333333	0.008726646250000001
125.225	-0.04964	0.008333333333333333	0.008726646250000001
125.258	-0.1	0.008333333333333333	0.008726646250000001
125.292	-0.145	0.008333333333333333	0.008726646250000001
125.325	-0.18	0.008333333333333333	0.008726646250000001
125.359	-0.21	0.008333333333333333	0.008726646250000001
125.392	-0.226	0.008333333333333333	0.008726646250000001
125.425	-0.236	0.008333333333333333	0.008726646250000001
125.459	-0.228	0.008333333333333333	0.008726646250000001
125.492	-0.212	0.008333333333333333	0.008726646250000001
125.525	-0.185	0.008333333333333333	0.008726646250000001
125.559	-0.147	0.008333333333333333	0.008726646250000001
125.592	-0.104	0.008333333333333333	0.008726646250000001
125.626	-0.0554	0.008333333333333333	0.008726646250000001
125.659	-0.002603	0.008333333333333333	0.008726646250000001
125.692	0.05289	0.008333333333333333	0.008726646250000001
125.726	0.104	0.008333333333333333	0.008726646250000001
125.759	0.152	0.008333333333333333	0.008726646250000001
125.792	0.191	0.008333333333333333	0.008726646250000001
125.826	0.222	0.008333333333333333	0.008726646250000001
125.859	0.245	0.008333333333333333	0.008726646250000001
125.892	0.257	0.008333333333333333	0.008726646250000001
125.926	0.256	0.008333333333333333	0.008726646250000001
125.959	0.244	0.008333333333333333	0.008726646250000001
125.993	0.22	0.008333333333333333	0.008726646250000001
126.026	0.188	0.008333333333333333	0.008726646250000001
126.059	0.148	0.008333333333333333	0.008726646250000001
126.093	0.09957	0.008333333333333333	0.008726646250000001
126.126	0.04731	0.008333333333333333	0.008726646250000001
126.159	-0.006142	0.008333333333333333	0.008726646250000001
126.193	-0.06018	0.008333333333333333	0.008726646250000001
126.226	-0.106	0.008333333333333333	0.008726646250000001
126.259	-0.147	0.008333333333333333	0.008726646250000001
126.293	-0.184	0.008333333333333333	0.008726646250000001
126.326	-0.211	0.008333333333333333	0.008726646250000001
126.36	-0.231	0.008333333333333333	0.008726646250000001
126.393	-0.234	0.008333333333333333	0.008726646250000001
126.426	-0.227	0.008333333333333333	0.008726646250000001
126.46	-0.211	0.008333333333333333	0.008726646250000001
126.493	-0.182	0.008333333333333333	0.008726646250000001
126.526	-0.145	0.008333333333333333	0.008726646250000001
126.56	-0.09958	0.008333333333333333	0.008726646250000001
126.593	-0.05024	0.008333333333333333	0.008726646250000001
126.626	0.004476	0.008333333333333333	0.008726646250000001
126.66	0.05795	0.008333333333333333	0.008726646250000001
126.693	0.11	0.008333333333333333	0.008726646250000001
126.727	0.156	0.008333333333333333	0.008726646250000001
126.76	0.194	0.008333333333333333	0.008726646250000001
126.793	0.225	0.008333333333333333	0.008726646250000001
126.827	0.246	0.008333333333333333	0.008726646250000001
126.86	0.256	0.008333333333333333	0.008726646250000001
126.893	0.253	0.008333333333333333	0.008726646250000001
126.927	0.239	0.008333333333333333	0.008726646250000001
126.96	0.215	0.008333333333333333	0.008726646250000001
126.994	0.18	0.008333333333333333	0.008726646250000001
127.027	0.137	0.008333333333333333	0.008726646250000001
127.06	0.09109	0.008333333333333333	0.008726646250000001
127.094	0.03891	0.008333333333333333	0.008726646250000001
127.127	-0.01511	0.008333333333333333	0.008726646250000001
127.16	-0.06942	0.008333333333333333	0.008726646250000001
127.194	-0.113	0.008333333333333333	0.008726646250000001
127.227	-0.156	0.008333333333333333	0.008726646250000001
127.26	-0.188	0.008333333333333333	0.008726646250000001
127.294	-0.214	0.008333333333333333	0.008726646250000001
127.327	-0.23	0.008333333333333333	0.008726646250000001
127.361	-0.232	0.008333333333333333	0.008726646250000001
127.394	-0.226	0.008333333333333333	0.008726646250000001
127.427	-0.203	0.008333333333333333	0.008726646250000001
127.461	-0.172	0.008333333333333333	0.008726646250000001
127.494	-0.135	0.008333333333333333	0.008726646250000001
127.527	-0.09032	0.008333333333333333	0.008726646250000001
127.561	-0.03934	0.008333333333333333	0.008726646250000001
127.594	0.01485	0.008333333333333333	0.008726646250000001
127.627	0.06791	0.008333333333333333	0.008726646250000001
127.661	0.09401	0.008333333333333333	0.008726646250000001
127.694	0.142	0.008333333333333333	0.008726646250000001
127.728	0.183	0.008333333333333333	0.008726646250000001
127.761	0.215	0.008333333333333333	0.008726646250000001
127.794	0.24	0.008333333333333333	0.008726646250000001
127.828	0.253	0.008333333333333333	0.008726646250000001
127.861	0.254	0.008333333333333333	0.008726646250000001
127.894	0.245	0.008333333333333333	0.008726646250000001
127.928	0.222	0.008333333333333333	0.008726646250000001
127.961	0.191	0.008333333333333333	0.008726646250000001
127.995	0.152	0.008333333333333333	0.008726646250000001
128.028	0.107	0.008333333333333333	0.008726646250000001
128.061	0.05647	0.008333333333333333	0.008726646250000001
128.095	0.002121	0.008333333333333333	0.008726646250000001
128.128	-0.05038	0.008333333333333333	0.008726646250000001
128.161	-0.0975	0.008333333333333333	0.008726646250000001
128.195	-0.138	0.008333333333333333	0.008726646250000001
128.228	-0.176	0.008333333333333333	0.008726646250000001
128.261	-0.205	0.008333333333333333	0.008726646250000001
128.295	-0.223	0.008333333333333333	0.008726646250000001
128.328	-0.23	0.008333333333333333	0.008726646250000001
128.362	-0.222	0.008333333333333333	0.008726646250000001
128.395	-0.207	0.008333333333333333	0.008726646250000001
128.428	-0.18	0.008333333333333333	0.008726646250000001
128.462	-0.145	0.008333333333333333	0.008726646250000001
128.495	-0.105	0.008333333333333333	0.008726646250000001
128.528	-0.05505	0.008333333333333333	0.008726646250000001
128.562	-0.0007715	0.008333333333333333	0.008726646250000001
128.595	0.05119	0.008333333333333333	0.008726646250000001
128.629	0.103	0.008333333333333333	0.008726646250000001
128.662	0.149	0.008333333333333333	0.008726646250000001
128.695	0.19	0.008333333333333333	0.008726646250000001
128.729	0.221	0.008333333333333333	0.008726646250000001
128.762	0.242	0.008333333333333333	0.008726646250000001
128.795	0.254	0.008333333333333333	0.008726646250000001
128.829	0.253	0.008333333333333333	0.008726646250000001
128.862	0.241	0.008333333333333333	0.008726646250000001
128.895	0.218	0.008333333333333333	0.008726646250000001
128.929	0.186	0.008333333333333333	0.008726646250000001
128.962	0.145	0.008333333333333333	0.008726646250000001
128.996	0.09852	0.008333333333333333	0.008726646250000001
129.029	0.04779	0.008333333333333333	0.008726646250000001
129.062	-0.006511	0.008333333333333333	0.008726646250000001
129.096	-0.05899	0.008333333333333333	0.008726646250000001
129.129	-0.102	0.008333333333333333	0.008726646250000001
129.162	-0.145	0.008333333333333333	0.008726646250000001
129.196	-0.178	0.008333333333333333	0.008726646250000001
129.229	-0.207	0.008333333333333333	0.008726646250000001
129.262	-0.223	0.008333333333333333	0.008726646250000001
129.296	-0.226	0.008333333333333333	0.008726646250000001
129.329	-0.219	0.008333333333333333	0.008726646250000001
129.363	-0.205	0.008333333333333333	0.008726646250000001
129.396	-0.177	0.008333333333333333	0.008726646250000001
129.429	-0.14	0.008333333333333333	0.008726646250000001
129.463	-0.09834	0.008333333333333333	0.008726646250000001
129.496	-0.04729	0.008333333333333333	0.008726646250000001
129.529	0.007431	0.008333333333333333	0.008726646250000001
129.563	0.05943	0.008333333333333333	0.008726646250000001
129.596	0.114	0.008333333333333333	0.008726646250000001
129.63	0.159	0.008333333333333333	0.008726646250000001
129.663	0.199	0.008333333333333333	0.008726646250000001
129.696	0.23	0.008333333333333333	0.008726646250000001
129.73	0.25	0.008333333333333333	0.008726646250000001
129.763	0.259	0.008333333333333333	0.008726646250000001
129.796	0.257	0.008333333333333333	0.008726646250000001
129.83	0.242	0.008333333333333333	0.008726646250000001
129.863	0.219	0.008333333333333333	0.008726646250000001
129.896	0.183	0.008333333333333333	0.008726646250000001
129.93	0.142	0.008333333333333333	0.008726646250000001
129.963	0.09398	0.008333333333333333	0.008726646250000001
129.997	0.0429	0.008333333333333333	0.008726646250000001
130.03	-0.009936	0.008333333333333333	0.008726646250000001
130.063	-0.05962	0.008333333333333333	0.008726646250000001
130.097	-0.104	0.008333333333333333	0.008726646250000001
130.13	-0.145	0.008333333333333333	0.008726646250000001
130.163	-0.178	0.008333333333333333	0.008726646250000001
130.197	-0.201	0.008333333333333333	0.008726646250000001
130.23	-0.214	0.008333333333333333	0.008726646250000001
130.263	-0.217	0.008333333333333333	0.008726646250000001
130.297	-0.208	0.008333333333333333	0.008726646250000001
130.33	-0.189	0.008333333333333333	0.008726646250000001
130.364	-0.161	0.008333333333333333	0.008726646250000001
130.397	-0.124	0.008333333333333333	0.008726646250000001
130.43	-0.07999	0.008333333333333333	0.008726646250000001
130.464	-0.03276	0.008333333333333333	0.008726646250000001
130.497	0.01617	0.008333333333333333	0.008726646250000001
130.53	0.06612	0.008333333333333333	0.008726646250000001
130.564	0.113	0.008333333333333333	0.008726646250000001
130.597	0.157	0.008333333333333333	0.008726646250000001
130.631	0.193	0.008333333333333333	0.008726646250000001
130.664	0.221	0.008333333333333333	0.008726646250000001
130.697	0.239	0.008333333333333333	0.008726646250000001
130.731	0.246	0.008333333333333333	0.008726646250000001
130.764	0.242	0.008333333333333333	0.008726646250000001
130.797	0.226	0.008333333333333333	0.008726646250000001
130.831	0.199	0.008333333333333333	0.008726646250000001
130.864	0.163	0.008333333333333333	0.008726646250000001
130.897	0.121	0.008333333333333333	0.008726646250000001
130.931	0.07487	0.008333333333333333	0.008726646250000001
130.964	0.02366	0.008333333333333333	0.008726646250000001
130.998	-0.02753	0.008333333333333333	0.008726646250000001
131.031	-0.07647	0.008333333333333333	0.008726646250000001
131.064	-0.122	0.008333333333333333	0.008726646250000001
131.098	-0.16	0.008333333333333333	0.008726646250000001
131.131	-0.191	0.008333333333333333	0.008726646250000001
131.164	-0.238	0.008333333333333333	0.008726646250000001
131.198	-0.25	0.008333333333333333	0.008726646250000001
131.231	-0.254	0.008333333333333333	0.008726646250000001
131.264	-0.24	0.008333333333333333	0.008726646250000001
131.298	-0.212	0.008333333333333333	0.008726646250000001
131.331	-0.166	0.008333333333333333	0.008726646250000001
131.365	-0.128	0.008333333333333333	0.008726646250000001
131.398	-0.08471	0.008333333333333333	0.008726646250000001
131.431	-0.03555	0.008333333333333333	0.008726646250000001
131.465	0.01376	0.008333333333333333	0.008726646250000001
131.498	0.06376	0.008333333333333333	0.008726646250000001
131.531	0.11	0.008333333333333333	0.008726646250000001
131.565	0.152	0.008333333333333333	0.008726646250000001
131.598	0.187	0.008333333333333333	0.008726646250000001
131.631	0.214	0.008333333333333333	0.008726646250000001
131.665	0.23	0.008333333333333333	0.008726646250000001
131.698	0.234	0.008333333333333333	0.008726646250000001
131.732	0.228	0.008333333333333333	0.008726646250000001
131.765	0.21	0.008333333333333333	0.008726646250000001
131.798	0.183	0.008333333333333333	0.008726646250000001
131.832	0.146	0.008333333333333333	0.008726646250000001
131.865	0.102	0.008333333333333333	0.008726646250000001
131.898	0.0545	0.008333333333333333	0.008726646250000001
131.932	0.003743	0.008333333333333333	0.008726646250000001
131.965	-0.04633	0.008333333333333333	0.008726646250000001
131.999	-0.09578	0.008333333333333333	0.008726646250000001
132.032	-0.14	0.008333333333333333	0.008726646250000001
132.065	-0.177	0.008333333333333333	0.008726646250000001
132.099	-0.206	0.008333333333333333	0.008726646250000001
132.132	-0.237	0.008333333333333333	0.008726646250000001
132.165	-0.239	0.008333333333333333	0.008726646250000001
132.199	-0.235	0.008333333333333333	0.008726646250000001
132.232	-0.223	0.008333333333333333	0.008726646250000001
132.265	-0.201	0.008333333333333333	0.008726646250000001
132.299	-0.17	0.008333333333333333	0.008726646250000001
132.332	-0.131	0.008333333333333333	0.008726646250000001
132.366	-0.08627	0.008333333333333333	0.008726646250000001
132.399	-0.03745	0.008333333333333333	0.008726646250000001
132.432	0.01222	0.008333333333333333	0.008726646250000001
132.466	0.06215	0.008333333333333333	0.008726646250000001
132.499	0.108	0.008333333333333333	0.008726646250000001
132.532	0.148	0.008333333333333333	0.008726646250000001
132.566	0.182	0.008333333333333333	0.008726646250000001
132.599	0.205	0.008333333333333333	0.008726646250000001
132.632	0.219	0.008333333333333333	0.008726646250000001
132.666	0.222	0.008333333333333333	0.008726646250000001
132.699	0.213	0.008333333333333333	0.008726646250000001
132.733	0.193	0.008333333333333333	0.008726646250000001
132.766	0.164	0.008333333333333333	0.008726646250000001
132.799	0.127	0.008333333333333333	0.008726646250000001
132.833	0.08255	0.008333333333333333	0.008726646250000001
132.866	0.03455	0.008333333333333333	0.008726646250000001
132.899	-0.01674	0.008333333333333333	0.008726646250000001
132.933	-0.06565	0.008333333333333333	0.008726646250000001
132.966	-0.114	0.008333333333333333	0.008726646250000001
133.0	-0.156	0.008333333333333333	0.008726646250000001
133.033	-0.192	0.008333333333333333	0.008726646250000001
133.066	-0.219	0.008333333333333333	0.008726646250000001
133.1	-0.238	0.008333333333333333	0.008726646250000001
133.133	-0.246	0.008333333333333333	0.008726646250000001
133.166	-0.242	0.008333333333333333	0.008726646250000001
133.2	-0.228	0.008333333333333333	0.008726646250000001
133.233	-0.204	0.008333333333333333	0.008726646250000001
133.266	-0.172	0.008333333333333333	0.008726646250000001
133.3	-0.132	0.008333333333333333	0.008726646250000001
133.333	-0.0859	0.008333333333333333	0.008726646250000001
133.367	-0.03813	0.008333333333333333	0.008726646250000001
133.4	0.01201	0.008333333333333333	0.008726646250000001
133.433	0.06044	0.008333333333333333	0.008726646250000001
133.467	0.106	0.008333333333333333	0.008726646250000001
133.5	0.145	0.008333333333333333	0.008726646250000001
133.533	0.176	0.008333333333333333	0.008726646250000001
133.567	0.21	0.008333333333333333	0.008726646250000001
133.6	0.226	0.008333333333333333	0.008726646250000001
133.633	0.224	0.008333333333333333	0.008726646250000001
133.667	0.211	0.008333333333333333	0.008726646250000001
133.7	0.192	0.008333333333333333	0.008726646250000001
133.734	0.165	0.008333333333333333	0.008726646250000001
133.767	0.117	0.008333333333333333	0.008726646250000001
133.8	0.07842	0.008333333333333333	0.008726646250000001
133.834	0.03177	0.008333333333333333	0.008726646250000001
133.867	-0.02282	0.008333333333333333	0.008726646250000001
133.9	-0.08172	0.008333333333333333	0.008726646250000001
133.934	-0.127	0.008333333333333333	0.008726646250000001
133.967	-0.168	0.008333333333333333	0.008726646250000001
134.001	-0.203	0.008333333333333333	0.008726646250000001
134.034	-0.229	0.008333333333333333	0.008726646250000001
134.067	-0.246	0.008333333333333333	0.008726646250000001
134.101	-0.251	0.008333333333333333	0.008726646250000001
134.134	-0.246	0.008333333333333333	0.008726646250000001
134.167	-0.23	0.008333333333333333	0.008726646250000001
134.201	-0.205	0.008333333333333333	0.008726646250000001
134.234	-0.171	0.008333333333333333	0.008726646250000001
134.267	-0.13	0.008333333333333333	0.008726646250000001
134.301	-0.08469	0.008333333333333333	0.008726646250000001
134.334	-0.03577	0.008333333333333333	0.008726646250000001
134.368	0.01479	0.008333333333333333	0.008726646250000001
134.401	0.06149	0.008333333333333333	0.008726646250000001
134.434	0.106	0.008333333333333333	0.008726646250000001
134.468	0.144	0.008333333333333333	0.008726646250000001
134.501	0.173	0.008333333333333333	0.008726646250000001
134.534	0.214	0.008333333333333333	0.008726646250000001
134.568	0.221	0.008333333333333333	0.008726646250000001
134.601	0.22	0.008333333333333333	0.008726646250000001
134.635	0.211	0.008333333333333333	0.008726646250000001
134.668	0.189	0.008333333333333333	0.008726646250000001
134.701	0.153	0.008333333333333333	0.008726646250000001
134.735	0.11	0.008333333333333333	0.008726646250000001
134.768	0.06678	0.008333333333333333	0.008726646250000001
134.801	0.01232	0.008333333333333333	0.008726646250000001
134.835	-0.03074	0.008333333333333333	0.008726646250000001
134.868	-0.0919	0.008333333333333333	0.008726646250000001
134.901	-0.138	0.008333333333333333	0.008726646250000001
134.935	-0.178	0.008333333333333333	0.008726646250000001
134.968	-0.211	0.008333333333333333	0.008726646250000001
135.002	-0.235	0.008333333333333333	0.008726646250000001
135.035	-0.25	0.008333333333333333	0.008726646250000001
135.068	-0.254	0.008333333333333333	0.008726646250000001
135.102	-0.248	0.008333333333333333	0.008726646250000001
135.135	-0.23	0.008333333333333333	0.008726646250000001
135.168	-0.204	0.008333333333333333	0.008726646250000001
135.202	-0.169	0.008333333333333333	0.008726646250000001
135.235	-0.128	0.008333333333333333	0.008726646250000001
135.268	-0.08147	0.008333333333333333	0.008726646250000001
135.302	-0.0317	0.008333333333333333	0.008726646250000001
135.335	0.01784	0.008333333333333333	0.008726646250000001
135.369	0.06467	0.008333333333333333	0.008726646250000001
135.402	0.107	0.008333333333333333	0.008726646250000001
135.435	0.145	0.008333333333333333	0.008726646250000001
135.469	0.198	0.008333333333333333	0.008726646250000001
135.502	0.191	0.008333333333333333	0.008726646250000001
135.535	0.2	0.008333333333333333	0.008726646250000001
135.569	0.198	0.008333333333333333	0.008726646250000001
135.602	0.184	0.008333333333333333	0.008726646250000001
135.636	0.161	0.008333333333333333	0.008726646250000001
135.669	0.129	0.008333333333333333	0.008726646250000001
135.702	0.08926	0.008333333333333333	0.008726646250000001
135.736	0.04532	0.008333333333333333	0.008726646250000001
135.769	-0.003889	0.008333333333333333	0.008726646250000001
135.802	-0.05232	0.008333333333333333	0.008726646250000001
135.836	-0.101	0.008333333333333333	0.008726646250000001
135.869	-0.145	0.008333333333333333	0.008726646250000001
135.902	-0.184	0.008333333333333333	0.008726646250000001
135.936	-0.215	0.008333333333333333	0.008726646250000001
135.969	-0.237	0.008333333333333333	0.008726646250000001
136.003	-0.249	0.008333333333333333	0.008726646250000001
136.036	-0.251	0.008333333333333333	0.008726646250000001
136.069	-0.243	0.008333333333333333	0.008726646250000001
136.103	-0.225	0.008333333333333333	0.008726646250000001
136.136	-0.196	0.008333333333333333	0.008726646250000001
136.169	-0.161	0.008333333333333333	0.008726646250000001
136.203	-0.118	0.008333333333333333	0.008726646250000001
136.236	-0.07042	0.008333333333333333	0.008726646250000001
136.269	-0.02112	0.008333333333333333	0.008726646250000001
136.303	0.02754	0.008333333333333333	0.008726646250000001
136.336	0.07436	0.008333333333333333	0.008726646250000001
136.37	0.117	0.008333333333333333	0.008726646250000001
136.403	0.152	0.008333333333333333	0.008726646250000001
136.436	0.178	0.008333333333333333	0.008726646250000001
136.47	0.196	0.008333333333333333	0.008726646250000001
136.503	0.221	0.008333333333333333	0.008726646250000001
136.536	0.208	0.008333333333333333	0.008726646250000001
136.57	0.201	0.008333333333333333	0.008726646250000001
136.603	0.167	0.008333333333333333	0.008726646250000001
136.637	0.136	0.008333333333333333	0.008726646250000001
136.67	0.09931	0.008333333333333333	0.008726646250000001
136.703	0.04753	0.008333333333333333	0.008726646250000001
136.737	-0.007679	0.008333333333333333	0.008726646250000001
136.77	-0.05557	0.008333333333333333	0.008726646250000001
136.803	-0.104	0.008333333333333333	0.008726646250000001
136.837	-0.147	0.008333333333333333	0.008726646250000001
136.87	-0.183	0.008333333333333333	0.008726646250000001
136.903	-0.213	0.008333333333333333	0.008726646250000001
136.937	-0.233	0.008333333333333333	0.008726646250000001
136.97	-0.243	0.008333333333333333	0.008726646250000001
137.004	-0.244	0.008333333333333333	0.008726646250000001
137.037	-0.234	0.008333333333333333	0.008726646250000001
137.07	-0.214	0.008333333333333333	0.008726646250000001
137.104	-0.184	0.008333333333333333	0.008726646250000001
137.137	-0.146	0.008333333333333333	0.008726646250000001
137.17	-0.103	0.008333333333333333	0.008726646250000001
137.204	-0.05579	0.008333333333333333	0.008726646250000001
137.237	-0.006627	0.008333333333333333	0.008726646250000001
137.27	0.04286	0.008333333333333333	0.008726646250000001
137.304	0.08795	0.008333333333333333	0.008726646250000001
137.337	0.129	0.008333333333333333	0.008726646250000001
137.371	0.163	0.008333333333333333	0.008726646250000001
137.404	0.187	0.008333333333333333	0.008726646250000001
137.437	0.203	0.008333333333333333	0.008726646250000001
137.471	0.208	0.008333333333333333	0.008726646250000001
137.504	0.202	0.008333333333333333	0.008726646250000001
137.537	0.186	0.008333333333333333	0.008726646250000001
137.571	0.16	0.008333333333333333	0.008726646250000001
137.604	0.125	0.008333333333333333	0.008726646250000001
137.637	0.08401	0.008333333333333333	0.008726646250000001
137.671	0.03864	0.008333333333333333	0.008726646250000001
137.704	-0.009247	0.008333333333333333	0.008726646250000001
137.738	-0.05742	0.008333333333333333	0.008726646250000001
137.771	-0.103	0.008333333333333333	0.008726646250000001
137.804	-0.145	0.008333333333333333	0.008726646250000001
137.838	-0.18	0.008333333333333333	0.008726646250000001
137.871	-0.208	0.008333333333333333	0.008726646250000001
137.904	-0.226	0.008333333333333333	0.008726646250000001
137.938	-0.235	0.008333333333333333	0.008726646250000001
137.971	-0.233	0.008333333333333333	0.008726646250000001
138.005	-0.221	0.008333333333333333	0.008726646250000001
138.038	-0.199	0.008333333333333333	0.008726646250000001
138.071	-0.168	0.008333333333333333	0.008726646250000001
138.105	-0.13	0.008333333333333333	0.008726646250000001
138.138	-0.08514	0.008333333333333333	0.008726646250000001
138.171	-0.03775	0.008333333333333333	0.008726646250000001
138.205	0.01112	0.008333333333333333	0.008726646250000001
138.238	0.05951	0.008333333333333333	0.008726646250000001
138.271	0.104	0.008333333333333333	0.008726646250000001
138.305	0.144	0.008333333333333333	0.008726646250000001
138.338	0.176	0.008333333333333333	0.008726646250000001
138.372	0.2	0.008333333333333333	0.008726646250000001
138.405	0.214	0.008333333333333333	0.008726646250000001
138.438	0.217	0.008333333333333333	0.008726646250000001
138.472	0.21	0.008333333333333333	0.008726646250000001
138.505	0.192	0.008333333333333333	0.008726646250000001
138.538	0.164	0.008333333333333333	0.008726646250000001
138.572	0.128	0.008333333333333333	0.008726646250000001
138.605	0.08742	0.008333333333333333	0.008726646250000001
138.638	0.04162	0.008333333333333333	0.008726646250000001
138.672	-0.006395	0.008333333333333333	0.008726646250000001
138.705	-0.05313	0.008333333333333333	0.008726646250000001
138.739	-0.09837	0.008333333333333333	0.008726646250000001
138.772	-0.138	0.008333333333333333	0.008726646250000001
138.805	-0.172	0.008333333333333333	0.008726646250000001
138.839	-0.198	0.008333333333333333	0.008726646250000001
138.872	-0.214	0.008333333333333333	0.008726646250000001
138.905	-0.222	0.008333333333333333	0.008726646250000001
138.939	-0.217	0.008333333333333333	0.008726646250000001
138.972	-0.203	0.008333333333333333	0.008726646250000001
139.006	-0.18	0.008333333333333333	0.008726646250000001
139.039	-0.148	0.008333333333333333	0.008726646250000001
139.072	-0.109	0.008333333333333333	0.008726646250000001
139.106	-0.06469	0.008333333333333333	0.008726646250000001
139.139	-0.0171	0.008333333333333333	0.008726646250000001
139.172	0.03219	0.008333333333333333	0.008726646250000001
139.206	0.07966	0.008333333333333333	0.008726646250000001
139.239	0.124	0.008333333333333333	0.008726646250000001
139.272	0.161	0.008333333333333333	0.008726646250000001
139.306	0.193	0.008333333333333333	0.008726646250000001
139.339	0.214	0.008333333333333333	0.008726646250000001
139.373	0.226	0.008333333333333333	0.008726646250000001
139.406	0.227	0.008333333333333333	0.008726646250000001
139.439	0.219	0.008333333333333333	0.008726646250000001
139.473	0.199	0.008333333333333333	0.008726646250000001
139.506	0.171	0.008333333333333333	0.008726646250000001
139.539	0.134	0.008333333333333333	0.008726646250000001
139.573	0.09257	0.008333333333333333	0.008726646250000001
139.606	0.04649	0.008333333333333333	0.008726646250000001
139.639	-0.0005347	0.008333333333333333	0.008726646250000001
139.673	-0.04692	0.008333333333333333	0.008726646250000001
139.706	-0.09175	0.008333333333333333	0.008726646250000001
139.74	-0.131	0.008333333333333333	0.008726646250000001
139.773	-0.163	0.008333333333333333	0.008726646250000001
139.806	-0.187	0.008333333333333333	0.008726646250000001
139.84	-0.202	0.008333333333333333	0.008726646250000001
139.873	-0.208	0.008333333333333333	0.008726646250000001
139.906	-0.203	0.008333333333333333	0.008726646250000001
139.94	-0.187	0.008333333333333333	0.008726646250000001
139.973	-0.163	0.008333333333333333	0.008726646250000001
140.007	-0.129	0.008333333333333333	0.008726646250000001
140.04	-0.08929	0.008333333333333333	0.008726646250000001
140.073	-0.04569	0.008333333333333333	0.008726646250000001
140.107	0.00148	0.008333333333333333	0.008726646250000001
140.14	0.05012	0.008333333333333333	0.008726646250000001
140.173	0.09598	0.008333333333333333	0.008726646250000001
140.207	0.138	0.008333333333333333	0.008726646250000001
140.24	0.175	0.008333333333333333	0.008726646250000001
140.273	0.205	0.008333333333333333	0.008726646250000001
140.307	0.225	0.008333333333333333	0.008726646250000001
140.34	0.235	0.008333333333333333	0.008726646250000001
140.374	0.235	0.008333333333333333	0.008726646250000001
140.407	0.224	0.008333333333333333	0.008726646250000001
140.44	0.202	0.008333333333333333	0.008726646250000001
140.474	0.173	0.008333333333333333	0.008726646250000001
140.507	0.135	0.008333333333333333	0.008726646250000001
140.54	0.09192	0.008333333333333333	0.008726646250000001
140.574	0.04593	0.008333333333333333	0.008726646250000001
140.607	-0.00171	0.008333333333333333	0.008726646250000001
140.641	-0.04772	0.008333333333333333	0.008726646250000001
140.674	-0.09063	0.008333333333333333	0.008726646250000001
140.707	-0.13	0.008333333333333333	0.008726646250000001
140.741	-0.145	0.008333333333333333	0.008726646250000001
140.774	-0.173	0.008333333333333333	0.008726646250000001
140.807	-0.193	0.008333333333333333	0.008726646250000001
140.841	-0.201	0.008333333333333333	0.008726646250000001
140.874	-0.201	0.008333333333333333	0.008726646250000001
140.907	-0.188	0.008333333333333333	0.008726646250000001
140.941	-0.166	0.008333333333333333	0.008726646250000001
140.974	-0.138	0.008333333333333333	0.008726646250000001
141.008	-0.101	0.008333333333333333	0.008726646250000001
141.041	-0.05664	0.008333333333333333	0.008726646250000001
141.074	-0.01232	0.008333333333333333	0.008726646250000001
141.108	0.03385	0.008333333333333333	0.008726646250000001
141.141	0.08112	0.008333333333333333	0.008726646250000001
141.174	0.125	0.008333333333333333	0.008726646250000001
141.208	0.164	0.008333333333333333	0.008726646250000001
141.241	0.195	0.008333333333333333	0.008726646250000001
141.274	0.217	0.008333333333333333	0.008726646250000001
141.308	0.229	0.008333333333333333	0.008726646250000001
141.341	0.233	0.008333333333333333	0.008726646250000001
141.375	0.224	0.008333333333333333	0.008726646250000001
141.408	0.208	0.008333333333333333	0.008726646250000001
141.441	0.182	0.008333333333333333	0.008726646250000001
141.475	0.146	0.008333333333333333	0.008726646250000001
141.508	0.106	0.008333333333333333	0.008726646250000001
141.541	0.05884	0.008333333333333333	0.008726646250000001
141.575	0.0108	0.008333333333333333	0.008726646250000001
141.608	-0.03781	0.008333333333333333	0.008726646250000001
141.642	-0.0803	0.008333333333333333	0.008726646250000001
141.675	-0.122	0.008333333333333333	0.008726646250000001
141.708	-0.154	0.008333333333333333	0.008726646250000001
141.742	-0.182	0.008333333333333333	0.008726646250000001
141.775	-0.199	0.008333333333333333	0.008726646250000001
141.808	-0.205	0.008333333333333333	0.008726646250000001
141.842	-0.204	0.008333333333333333	0.008726646250000001
141.875	-0.19	0.008333333333333333	0.008726646250000001
141.908	-0.168	0.008333333333333333	0.008726646250000001
141.942	-0.137	0.008333333333333333	0.008726646250000001
141.975	-0.09872	0.008333333333333333	0.008726646250000001
142.009	-0.05443	0.008333333333333333	0.008726646250000001
142.042	-0.0059	0.008333333333333333	0.008726646250000001
142.075	0.04176	0.008333333333333333	0.008726646250000001
142.109	0.08932	0.008333333333333333	0.008726646250000001
142.142	0.134	0.008333333333333333	0.008726646250000001
142.175	0.17	0.008333333333333333	0.008726646250000001
142.209	0.202	0.008333333333333333	0.008726646250000001
142.242	0.222	0.008333333333333333	0.008726646250000001
142.275	0.233	0.008333333333333333	0.008726646250000001
142.309	0.234	0.008333333333333333	0.008726646250000001
142.342	0.224	0.008333333333333333	0.008726646250000001
142.376	0.206	0.008333333333333333	0.008726646250000001
142.409	0.178	0.008333333333333333	0.008726646250000001
142.442	0.14	0.008333333333333333	0.008726646250000001
142.476	0.09926	0.008333333333333333	0.008726646250000001
142.509	0.05122	0.008333333333333333	0.008726646250000001
142.542	0.004561	0.008333333333333333	0.008726646250000001
142.576	-0.04452	0.008333333333333333	0.008726646250000001
142.609	-0.08957	0.008333333333333333	0.008726646250000001
142.643	-0.13	0.008333333333333333	0.008726646250000001
142.676	-0.163	0.008333333333333333	0.008726646250000001
142.709	-0.186	0.008333333333333333	0.008726646250000001
142.743	-0.201	0.008333333333333333	0.008726646250000001
142.776	-0.206	0.008333333333333333	0.008726646250000001
142.809	-0.202	0.008333333333333333	0.008726646250000001
142.843	-0.186	0.008333333333333333	0.008726646250000001
142.876	-0.163	0.008333333333333333	0.008726646250000001
142.909	-0.128	0.008333333333333333	0.008726646250000001
142.943	-0.09035	0.008333333333333333	0.008726646250000001
142.976	-0.04582	0.008333333333333333	0.008726646250000001
143.01	0.002601	0.008333333333333333	0.008726646250000001
143.043	0.04922	0.008333333333333333	0.008726646250000001
143.076	0.09512	0.008333333333333333	0.008726646250000001
143.11	0.137	0.008333333333333333	0.008726646250000001
143.143	0.175	0.008333333333333333	0.008726646250000001
143.176	0.202	0.008333333333333333	0.008726646250000001
143.21	0.222	0.008333333333333333	0.008726646250000001
143.243	0.231	0.008333333333333333	0.008726646250000001
143.276	0.231	0.008333333333333333	0.008726646250000001
143.31	0.22	0.008333333333333333	0.008726646250000001
143.343	0.199	0.008333333333333333	0.008726646250000001
143.377	0.168	0.008333333333333333	0.008726646250000001
143.41	0.132	0.008333333333333333	0.008726646250000001
143.443	0.08821	0.008333333333333333	0.008726646250000001
143.477	0.0424	0.008333333333333333	0.008726646250000001
143.51	-0.006304	0.008333333333333333	0.008726646250000001
143.543	-0.05308	0.008333333333333333	0.008726646250000001
143.577	-0.09605	0.008333333333333333	0.008726646250000001
143.61	-0.136	0.008333333333333333	0.008726646250000001
143.643	-0.166	0.008333333333333333	0.008726646250000001
143.677	-0.189	0.008333333333333333	0.008726646250000001
143.71	-0.202	0.008333333333333333	0.008726646250000001
143.744	-0.205	0.008333333333333333	0.008726646250000001
143.777	-0.199	0.008333333333333333	0.008726646250000001
143.81	-0.181	0.008333333333333333	0.008726646250000001
143.844	-0.154	0.008333333333333333	0.008726646250000001
143.877	-0.121	0.008333333333333333	0.008726646250000001
143.91	-0.08236	0.008333333333333333	0.008726646250000001
143.944	-0.03719	0.008333333333333333	0.008726646250000001
143.977	0.009588	0.008333333333333333	0.008726646250000001
144.011	0.05837	0.008333333333333333	0.008726646250000001
144.044	0.102	0.008333333333333333	0.008726646250000001
144.077	0.143	0.008333333333333333	0.008726646250000001
144.111	0.178	0.008333333333333333	0.008726646250000001
144.144	0.205	0.008333333333333333	0.008726646250000001
144.177	0.223	0.008333333333333333	0.008726646250000001
144.211	0.23	0.008333333333333333	0.008726646250000001
144.244	0.227	0.008333333333333333	0.008726646250000001
144.277	0.214	0.008333333333333333	0.008726646250000001
144.311	0.192	0.008333333333333333	0.008726646250000001
144.344	0.162	0.008333333333333333	0.008726646250000001
144.378	0.124	0.008333333333333333	0.008726646250000001
144.411	0.07983	0.008333333333333333	0.008726646250000001
144.444	0.03401	0.008333333333333333	0.008726646250000001
144.478	-0.01296	0.008333333333333333	0.008726646250000001
144.511	-0.05964	0.008333333333333333	0.008726646250000001
144.544	-0.101	0.008333333333333333	0.008726646250000001
144.578	-0.137	0.008333333333333333	0.008726646250000001
144.611	-0.168	0.008333333333333333	0.008726646250000001
144.644	-0.19	0.008333333333333333	0.008726646250000001
144.678	-0.202	0.008333333333333333	0.008726646250000001
144.711	-0.204	0.008333333333333333	0.008726646250000001
144.745	-0.195	0.008333333333333333	0.008726646250000001
144.778	-0.176	0.008333333333333333	0.008726646250000001
144.811	-0.149	0.008333333333333333	0.008726646250000001
144.845	-0.113	0.008333333333333333	0.008726646250000001
144.878	-0.07354	0.008333333333333333	0.008726646250000001
144.911	-0.03004	0.008333333333333333	0.008726646250000001
144.945	0.01841	0.008333333333333333	0.008726646250000001
144.978	0.06539	0.008333333333333333	0.008726646250000001
145.012	0.109	0.008333333333333333	0.008726646250000001
145.045	0.15	0.008333333333333333	0.008726646250000001
145.078	0.184	0.008333333333333333	0.008726646250000001
145.112	0.209	0.008333333333333333	0.008726646250000001
145.145	0.224	0.008333333333333333	0.008726646250000001
145.178	0.23	0.008333333333333333	0.008726646250000001
145.212	0.225	0.008333333333333333	0.008726646250000001
145.245	0.211	0.008333333333333333	0.008726646250000001
145.278	0.187	0.008333333333333333	0.008726646250000001
145.312	0.154	0.008333333333333333	0.008726646250000001
145.345	0.116	0.008333333333333333	0.008726646250000001
145.379	0.07196	0.008333333333333333	0.008726646250000001
145.412	0.025	0.008333333333333333	0.008726646250000001
145.445	-0.02142	0.008333333333333333	0.008726646250000001
145.479	-0.06679	0.008333333333333333	0.008726646250000001
145.512	-0.108	0.008333333333333333	0.008726646250000001
145.545	-0.143	0.008333333333333333	0.008726646250000001
145.579	-0.171	0.008333333333333333	0.008726646250000001
145.612	-0.192	0.008333333333333333	0.008726646250000001
145.645	-0.202	0.008333333333333333	0.008726646250000001
145.679	-0.202	0.008333333333333333	0.008726646250000001
145.712	-0.191	0.008333333333333333	0.008726646250000001
145.746	-0.171	0.008333333333333333	0.008726646250000001
145.779	-0.142	0.008333333333333333	0.008726646250000001
145.812	-0.106	0.008333333333333333	0.008726646250000001
145.846	-0.06473	0.008333333333333333	0.008726646250000001
145.879	-0.02174	0.008333333333333333	0.008726646250000001
145.912	0.02695	0.008333333333333333	0.008726646250000001
145.946	0.07269	0.008333333333333333	0.008726646250000001
145.979	0.116	0.008333333333333333	0.008726646250000001
146.013	0.156	0.008333333333333333	0.008726646250000001
146.046	0.186	0.008333333333333333	0.008726646250000001
146.079	0.21	0.008333333333333333	0.008726646250000001
146.113	0.224	0.008333333333333333	0.008726646250000001
146.146	0.228	0.008333333333333333	0.008726646250000001
146.179	0.222	0.008333333333333333	0.008726646250000001
146.213	0.206	0.008333333333333333	0.008726646250000001
146.246	0.181	0.008333333333333333	0.008726646250000001
146.279	0.147	0.008333333333333333	0.008726646250000001
146.313	0.108	0.008333333333333333	0.008726646250000001
146.346	0.0635	0.008333333333333333	0.008726646250000001
146.38	0.0166	0.008333333333333333	0.008726646250000001
146.413	-0.03017	0.008333333333333333	0.008726646250000001
146.446	-0.07318	0.008333333333333333	0.008726646250000001
146.48	-0.115	0.008333333333333333	0.008726646250000001
146.513	-0.147	0.008333333333333333	0.008726646250000001
146.546	-0.174	0.008333333333333333	0.008726646250000001
146.58	-0.193	0.008333333333333333	0.008726646250000001
146.613	-0.202	0.008333333333333333	0.008726646250000001
146.647	-0.198	0.008333333333333333	0.008726646250000001
146.68	-0.188	0.008333333333333333	0.008726646250000001
146.713	-0.166	0.008333333333333333	0.008726646250000001
146.747	-0.135	0.008333333333333333	0.008726646250000001
146.78	-0.09901	0.008333333333333333	0.008726646250000001
146.813	-0.05819	0.008333333333333333	0.008726646250000001
146.847	-0.01297	0.008333333333333333	0.008726646250000001
146.88	0.03536	0.008333333333333333	0.008726646250000001
146.913	0.07953	0.008333333333333333	0.008726646250000001
146.947	0.124	0.008333333333333333	0.008726646250000001
146.98	0.162	0.008333333333333333	0.008726646250000001
147.014	0.191	0.008333333333333333	0.008726646250000001
147.047	0.212	0.008333333333333333	0.008726646250000001
147.08	0.224	0.008333333333333333	0.008726646250000001
147.114	0.226	0.008333333333333333	0.008726646250000001
147.147	0.218	0.008333333333333333	0.008726646250000001
147.18	0.201	0.008333333333333333	0.008726646250000001
147.214	0.175	0.008333333333333333	0.008726646250000001
147.247	0.141	0.008333333333333333	0.008726646250000001
147.28	0.09975	0.008333333333333333	0.008726646250000001
147.314	0.0565	0.008333333333333333	0.008726646250000001
147.347	0.007532	0.008333333333333333	0.008726646250000001
147.381	-0.03936	0.008333333333333333	0.008726646250000001
147.414	-0.07983	0.008333333333333333	0.008726646250000001
147.447	-0.119	0.008333333333333333	0.008726646250000001
147.481	-0.151	0.008333333333333333	0.008726646250000001
147.514	-0.177	0.008333333333333333	0.008726646250000001
147.547	-0.194	0.008333333333333333	0.008726646250000001
147.581	-0.2	0.008333333333333333	0.008726646250000001
147.614	-0.197	0.008333333333333333	0.008726646250000001
147.648	-0.183	0.008333333333333333	0.008726646250000001
147.681	-0.16	0.008333333333333333	0.008726646250000001
147.714	-0.128	0.008333333333333333	0.008726646250000001
147.748	-0.0905	0.008333333333333333	0.008726646250000001
147.781	-0.04934	0.008333333333333333	0.008726646250000001
147.814	-0.002382	0.008333333333333333	0.008726646250000001
147.848	0.04274	0.008333333333333333	0.008726646250000001
147.881	0.08851	0.008333333333333333	0.008726646250000001
147.914	0.13	0.008333333333333333	0.008726646250000001
147.948	0.167	0.008333333333333333	0.008726646250000001
147.981	0.194	0.008333333333333333	0.008726646250000001
148.015	0.214	0.008333333333333333	0.008726646250000001
148.048	0.225	0.008333333333333333	0.008726646250000001
148.081	0.224	0.008333333333333333	0.008726646250000001
148.115	0.216	0.008333333333333333	0.008726646250000001
148.148	0.195	0.008333333333333333	0.008726646250000001
148.181	0.167	0.008333333333333333	0.008726646250000001
148.215	0.132	0.008333333333333333	0.008726646250000001
148.248	0.09081	0.008333333333333333	0.008726646250000001
148.281	0.04631	0.008333333333333333	0.008726646250000001
148.315	-0.002509	0.008333333333333333	0.008726646250000001
148.348	-0.04962	0.008333333333333333	0.008726646250000001
148.382	-0.09011	0.008333333333333333	0.008726646250000001
148.415	-0.128	0.008333333333333333	0.008726646250000001
148.448	-0.159	0.008333333333333333	0.008726646250000001
148.482	-0.183	0.008333333333333333	0.008726646250000001
148.515	-0.195	0.008333333333333333	0.008726646250000001
148.548	-0.2	0.008333333333333333	0.008726646250000001
148.582	-0.193	0.008333333333333333	0.008726646250000001
148.615	-0.178	0.008333333333333333	0.008726646250000001
148.649	-0.155	0.008333333333333333	0.008726646250000001
148.682	-0.122	0.008333333333333333	0.008726646250000001
148.715	-0.08435	0.008333333333333333	0.008726646250000001
148.749	-0.04287	0.008333333333333333	0.008726646250000001
148.782	0.004713	0.008333333333333333	0.008726646250000001
148.815	0.05127	0.008333333333333333	0.008726646250000001
148.849	0.09536	0.008333333333333333	0.008726646250000001
148.882	0.138	0.008333333333333333	0.008726646250000001
148.915	0.171	0.008333333333333333	0.008726646250000001
148.949	0.198	0.008333333333333333	0.008726646250000001
148.982	0.215	0.008333333333333333	0.008726646250000001
149.016	0.225	0.008333333333333333	0.008726646250000001
149.049	0.222	0.008333333333333333	0.008726646250000001
149.082	0.211	0.008333333333333333	0.008726646250000001
149.116	0.19	0.008333333333333333	0.008726646250000001
149.149	0.16	0.008333333333333333	0.008726646250000001
149.182	0.122	0.008333333333333333	0.008726646250000001
149.216	0.08239	0.008333333333333333	0.008726646250000001
149.249	0.03692	0.008333333333333333	0.008726646250000001
149.282	-0.01108	0.008333333333333333	0.008726646250000001
149.316	-0.05807	0.008333333333333333	0.008726646250000001
149.349	-0.09728	0.008333333333333333	0.008726646250000001
149.383	-0.133	0.008333333333333333	0.008726646250000001
149.416	-0.164	0.008333333333333333	0.008726646250000001
149.449	-0.185	0.008333333333333333	0.008726646250000001
149.483	-0.197	0.008333333333333333	0.008726646250000001
149.516	-0.199	0.008333333333333333	0.008726646250000001
149.549	-0.19	0.008333333333333333	0.008726646250000001
149.583	-0.174	0.008333333333333333	0.008726646250000001
149.616	-0.15	0.008333333333333333	0.008726646250000001
149.649	-0.116	0.008333333333333333	0.008726646250000001
149.683	-0.07574	0.008333333333333333	0.008726646250000001
149.716	-0.03436	0.008333333333333333	0.008726646250000001
149.75	0.01464	0.008333333333333333	0.008726646250000001
149.783	0.06003	0.008333333333333333	0.008726646250000001
149.816	0.103	0.008333333333333333	0.008726646250000001
149.85	0.143	0.008333333333333333	0.008726646250000001
149.883	0.176	0.008333333333333333	0.008726646250000001
149.916	0.202	0.008333333333333333	0.008726646250000001
149.95	0.216	0.008333333333333333	0.008726646250000001
149.983	0.223	0.008333333333333333	0.008726646250000001
150.017	0.22	0.008333333333333333	0.008726646250000001
150.05	0.207	0.008333333333333333	0.008726646250000001
150.083	0.184	0.008333333333333333	0.008726646250000001
150.117	0.153	0.008333333333333333	0.008726646250000001
150.15	0.116	0.008333333333333333	0.008726646250000001
150.183	0.07176	0.008333333333333333	0.008726646250000001
150.217	0.02662	0.008333333333333333	0.008726646250000001
150.25	-0.01788	0.008333333333333333	0.008726646250000001
150.283	-0.06455	0.008333333333333333	0.008726646250000001
150.317	-0.104	0.008333333333333333	0.008726646250000001
150.35	-0.14	0.008333333333333333	0.008726646250000001
150.384	-0.168	0.008333333333333333	0.008726646250000001
150.417	-0.187	0.008333333333333333	0.008726646250000001
150.45	-0.197	0.008333333333333333	0.008726646250000001
150.484	-0.198	0.008333333333333333	0.008726646250000001
150.517	-0.189	0.008333333333333333	0.008726646250000001
150.55	-0.169	0.008333333333333333	0.008726646250000001
150.584	-0.142	0.008333333333333333	0.008726646250000001
150.617	-0.109	0.008333333333333333	0.008726646250000001
150.65	-0.06921	0.008333333333333333	0.008726646250000001
150.684	-0.02588	0.008333333333333333	0.008726646250000001
150.717	0.02213	0.008333333333333333	0.008726646250000001
150.751	0.06694	0.008333333333333333	0.008726646250000001
150.784	0.11	0.008333333333333333	0.008726646250000001
150.817	0.149	0.008333333333333333	0.008726646250000001
150.851	0.181	0.008333333333333333	0.008726646250000001
150.884	0.204	0.008333333333333333	0.008726646250000001
150.917	0.218	0.008333333333333333	0.008726646250000001
150.951	0.222	0.008333333333333333	0.008726646250000001
150.984	0.218	0.008333333333333333	0.008726646250000001
151.018	0.203	0.008333333333333333	0.008726646250000001
151.051	0.179	0.008333333333333333	0.008726646250000001
151.084	0.145	0.008333333333333333	0.008726646250000001
151.118	0.109	0.008333333333333333	0.008726646250000001
151.151	0.06483	0.008333333333333333	0.008726646250000001
151.184	0.01981	0.008333333333333333	0.008726646250000001
151.218	-0.02647	0.008333333333333333	0.008726646250000001
151.251	-0.06918	0.008333333333333333	0.008726646250000001
151.284	-0.11	0.008333333333333333	0.008726646250000001
151.318	-0.144	0.008333333333333333	0.008726646250000001
151.351	-0.169	0.008333333333333333	0.008726646250000001
151.385	-0.187	0.008333333333333333	0.008726646250000001
151.418	-0.196	0.008333333333333333	0.008726646250000001
151.451	-0.195	0.008333333333333333	0.008726646250000001
151.485	-0.182	0.008333333333333333	0.008726646250000001
151.518	-0.162	0.008333333333333333	0.008726646250000001
151.551	-0.134	0.008333333333333333	0.008726646250000001
151.585	-0.09844	0.008333333333333333	0.008726646250000001
151.618	-0.05849	0.008333333333333333	0.008726646250000001
151.651	-0.01494	0.008333333333333333	0.008726646250000001
151.685	0.03226	0.008333333333333333	0.008726646250000001
151.718	0.07642	0.008333333333333333	0.008726646250000001
151.752	0.118	0.008333333333333333	0.008726646250000001
151.785	0.156	0.008333333333333333	0.008726646250000001
151.818	0.186	0.008333333333333333	0.008726646250000001
151.852	0.207	0.008333333333333333	0.008726646250000001
151.885	0.22	0.008333333333333333	0.008726646250000001
151.918	0.224	0.008333333333333333	0.008726646250000001
151.952	0.216	0.008333333333333333	0.008726646250000001
151.985	0.199	0.008333333333333333	0.008726646250000001
152.019	0.174	0.008333333333333333	0.008726646250000001
152.052	0.14	0.008333333333333333	0.008726646250000001
152.085	0.101	0.008333333333333333	0.008726646250000001
152.119	0.05619	0.008333333333333333	0.008726646250000001
152.152	0.01156	0.008333333333333333	0.008726646250000001
152.185	-0.03499	0.008333333333333333	0.008726646250000001
152.219	-0.07614	0.008333333333333333	0.008726646250000001
152.252	-0.116	0.008333333333333333	0.008726646250000001
152.285	-0.147	0.008333333333333333	0.008726646250000001
152.319	-0.173	0.008333333333333333	0.008726646250000001
152.352	-0.189	0.008333333333333333	0.008726646250000001
152.386	-0.196	0.008333333333333333	0.008726646250000001
152.419	-0.193	0.008333333333333333	0.008726646250000001
152.452	-0.179	0.008333333333333333	0.008726646250000001
152.486	-0.157	0.008333333333333333	0.008726646250000001
152.519	-0.128	0.008333333333333333	0.008726646250000001
152.552	-0.09172	0.008333333333333333	0.008726646250000001
152.586	-0.05134	0.008333333333333333	0.008726646250000001
152.619	-0.006442	0.008333333333333333	0.008726646250000001
152.653	0.04078	0.008333333333333333	0.008726646250000001
152.686	0.08447	0.008333333333333333	0.008726646250000001
152.719	0.126	0.008333333333333333	0.008726646250000001
152.753	0.163	0.008333333333333333	0.008726646250000001
152.786	0.191	0.008333333333333333	0.008726646250000001
152.819	0.21	0.008333333333333333	0.008726646250000001
152.853	0.222	0.008333333333333333	0.008726646250000001
152.886	0.223	0.008333333333333333	0.008726646250000001
152.919	0.213	0.008333333333333333	0.008726646250000001
152.953	0.195	0.008333333333333333	0.008726646250000001
152.986	0.168	0.008333333333333333	0.008726646250000001
153.02	0.134	0.008333333333333333	0.008726646250000001
153.053	0.09359	0.008333333333333333	0.008726646250000001
153.086	0.0486	0.008333333333333333	0.008726646250000001
153.12	0.004184	0.008333333333333333	0.008726646250000001
153.153	-0.04196	0.008333333333333333	0.008726646250000001
153.186	-0.08333	0.008333333333333333	0.008726646250000001
153.22	-0.119	0.008333333333333333	0.008726646250000001
153.253	-0.153	0.008333333333333333	0.008726646250000001
153.286	-0.175	0.008333333333333333	0.008726646250000001
153.32	-0.189	0.008333333333333333	0.008726646250000001
153.353	-0.192	0.008333333333333333	0.008726646250000001
153.387	-0.188	0.008333333333333333	0.008726646250000001
153.42	-0.174	0.008333333333333333	0.008726646250000001
153.453	-0.15	0.008333333333333333	0.008726646250000001
153.487	-0.121	0.008333333333333333	0.008726646250000001
153.52	-0.08502	0.008333333333333333	0.008726646250000001
153.553	-0.04326	0.008333333333333333	0.008726646250000001
153.587	0.003999	0.008333333333333333	0.008726646250000001
153.62	0.04814	0.008333333333333333	0.008726646250000001
153.654	0.09186	0.008333333333333333	0.008726646250000001
153.687	0.133	0.008333333333333333	0.008726646250000001
153.72	0.166	0.008333333333333333	0.008726646250000001
153.754	0.195	0.008333333333333333	0.008726646250000001
153.787	0.213	0.008333333333333333	0.008726646250000001
153.82	0.22	0.008333333333333333	0.008726646250000001
153.854	0.221	0.008333333333333333	0.008726646250000001
153.887	0.216	0.008333333333333333	0.008726646250000001
153.92	0.2	0.008333333333333333	0.008726646250000001
153.954	0.177	0.008333333333333333	0.008726646250000001
153.987	0.143	0.008333333333333333	0.008726646250000001
154.021	0.104	0.008333333333333333	0.008726646250000001
154.054	0.06281	0.008333333333333333	0.008726646250000001
154.087	0.01635	0.008333333333333333	0.008726646250000001
154.121	-0.02834	0.008333333333333333	0.008726646250000001
154.154	-0.07163	0.008333333333333333	0.008726646250000001
154.187	-0.109	0.008333333333333333	0.008726646250000001
154.221	-0.142	0.008333333333333333	0.008726646250000001
154.254	-0.168	0.008333333333333333	0.008726646250000001
154.287	-0.186	0.008333333333333333	0.008726646250000001
154.321	-0.193	0.008333333333333333	0.008726646250000001
154.354	-0.192	0.008333333333333333	0.008726646250000001
154.388	-0.18	0.008333333333333333	0.008726646250000001
154.421	-0.16	0.008333333333333333	0.008726646250000001
154.454	-0.132	0.008333333333333333	0.008726646250000001
154.488	-0.09558	0.008333333333333333	0.008726646250000001
154.521	-0.05674	0.008333333333333333	0.008726646250000001
154.554	-0.01103	0.008333333333333333	0.008726646250000001
154.588	0.03409	0.008333333333333333	0.008726646250000001
154.621	0.07803	0.008333333333333333	0.008726646250000001
154.655	0.12	0.008333333333333333	0.008726646250000001
154.688	0.157	0.008333333333333333	0.008726646250000001
154.721	0.186	0.008333333333333333	0.008726646250000001
154.755	0.207	0.008333333333333333	0.008726646250000001
154.788	0.218	0.008333333333333333	0.008726646250000001
154.821	0.22	0.008333333333333333	0.008726646250000001
154.855	0.212	0.008333333333333333	0.008726646250000001
154.888	0.196	0.008333333333333333	0.008726646250000001
154.921	0.17	0.008333333333333333	0.008726646250000001
154.955	0.136	0.008333333333333333	0.008726646250000001
154.988	0.09589	0.008333333333333333	0.008726646250000001
155.022	0.05414	0.008333333333333333	0.008726646250000001
155.055	0.007169	0.008333333333333333	0.008726646250000001
155.088	-0.03872	0.008333333333333333	0.008726646250000001
155.122	-0.0783	0.008333333333333333	0.008726646250000001
155.155	-0.118	0.008333333333333333	0.008726646250000001
155.188	-0.148	0.008333333333333333	0.008726646250000001
155.222	-0.172	0.008333333333333333	0.008726646250000001
155.255	-0.188	0.008333333333333333	0.008726646250000001
155.288	-0.191	0.008333333333333333	0.008726646250000001
155.322	-0.189	0.008333333333333333	0.008726646250000001
155.355	-0.175	0.008333333333333333	0.008726646250000001
155.389	-0.152	0.008333333333333333	0.008726646250000001
155.422	-0.125	0.008333333333333333	0.008726646250000001
155.455	-0.0866	0.008333333333333333	0.008726646250000001
155.489	-0.0464	0.008333333333333333	0.008726646250000001
155.522	-0.001188	0.008333333333333333	0.008726646250000001
155.555	0.0427	0.008333333333333333	0.008726646250000001
155.589	0.08796	0.008333333333333333	0.008726646250000001
155.622	0.129	0.008333333333333333	0.008726646250000001
155.655	0.162	0.008333333333333333	0.008726646250000001
155.689	0.19	0.008333333333333333	0.008726646250000001
155.722	0.209	0.008333333333333333	0.008726646250000001
155.756	0.219	0.008333333333333333	0.008726646250000001
155.789	0.22	0.008333333333333333	0.008726646250000001
155.822	0.21	0.008333333333333333	0.008726646250000001
155.856	0.19	0.008333333333333333	0.008726646250000001
155.889	0.163	0.008333333333333333	0.008726646250000001
155.922	0.129	0.008333333333333333	0.008726646250000001
155.956	0.08815	0.008333333333333333	0.008726646250000001
155.989	0.04571	0.008333333333333333	0.008726646250000001
156.023	0.000499	0.008333333333333333	0.008726646250000001
156.056	-0.0457	0.008333333333333333	0.008726646250000001
156.089	-0.08521	0.008333333333333333	0.008726646250000001
156.123	-0.12	0.008333333333333333	0.008726646250000001
156.156	-0.152	0.008333333333333333	0.008726646250000001
156.189	-0.172	0.008333333333333333	0.008726646250000001
156.223	-0.187	0.008333333333333333	0.008726646250000001
156.256	-0.19	0.008333333333333333	0.008726646250000001
156.289	-0.185	0.008333333333333333	0.008726646250000001
156.323	-0.17	0.008333333333333333	0.008726646250000001
156.356	-0.148	0.008333333333333333	0.008726646250000001
156.39	-0.118	0.008333333333333333	0.008726646250000001
156.423	-0.07783	0.008333333333333333	0.008726646250000001
156.456	-0.03955	0.008333333333333333	0.008726646250000001
156.49	0.005702	0.008333333333333333	0.008726646250000001
156.523	0.05139	0.008333333333333333	0.008726646250000001
156.556	0.09397	0.008333333333333333	0.008726646250000001
156.59	0.133	0.008333333333333333	0.008726646250000001
156.623	0.168	0.008333333333333333	0.008726646250000001
156.656	0.194	0.008333333333333333	0.008726646250000001
156.69	0.212	0.008333333333333333	0.008726646250000001
156.723	0.22	0.008333333333333333	0.008726646250000001
156.757	0.218	0.008333333333333333	0.008726646250000001
156.79	0.206	0.008333333333333333	0.008726646250000001
156.823	0.185	0.008333333333333333	0.008726646250000001
156.857	0.156	0.008333333333333333	0.008726646250000001
156.89	0.121	0.008333333333333333	0.008726646250000001
156.923	0.08173	0.008333333333333333	0.008726646250000001
156.957	0.03707	0.008333333333333333	0.008726646250000001
156.99	-0.007447	0.008333333333333333	0.008726646250000001
157.024	-0.05252	0.008333333333333333	0.008726646250000001
157.057	-0.09197	0.008333333333333333	0.008726646250000001
157.09	-0.129	0.008333333333333333	0.008726646250000001
157.124	-0.155	0.008333333333333333	0.008726646250000001
157.157	-0.174	0.008333333333333333	0.008726646250000001
157.19	-0.187	0.008333333333333333	0.008726646250000001
157.224	-0.191	0.008333333333333333	0.008726646250000001
157.257	-0.182	0.008333333333333333	0.008726646250000001
157.29	-0.165	0.008333333333333333	0.008726646250000001
157.324	-0.141	0.008333333333333333	0.008726646250000001
157.357	-0.109	0.008333333333333333	0.008726646250000001
157.391	-0.07071	0.008333333333333333	0.008726646250000001
157.424	-0.03044	0.008333333333333333	0.008726646250000001
157.457	0.0149	0.008333333333333333	0.008726646250000001
157.491	0.05994	0.008333333333333333	0.008726646250000001
157.524	0.102	0.008333333333333333	0.008726646250000001
157.557	0.139	0.008333333333333333	0.008726646250000001
157.591	0.173	0.008333333333333333	0.008726646250000001
157.624	0.197	0.008333333333333333	0.008726646250000001
157.657	0.213	0.008333333333333333	0.008726646250000001
157.691	0.219	0.008333333333333333	0.008726646250000001
157.724	0.215	0.008333333333333333	0.008726646250000001
157.758	0.203	0.008333333333333333	0.008726646250000001
157.791	0.181	0.008333333333333333	0.008726646250000001
157.824	0.151	0.008333333333333333	0.008726646250000001
157.858	0.114	0.008333333333333333	0.008726646250000001
157.891	0.07232	0.008333333333333333	0.008726646250000001
157.924	0.02807	0.008333333333333333	0.008726646250000001
157.958	-0.01657	0.008333333333333333	0.008726646250000001
157.991	-0.05957	0.008333333333333333	0.008726646250000001
158.025	-0.0973	0.008333333333333333	0.008726646250000001
158.058	-0.133	0.008333333333333333	0.008726646250000001
158.091	-0.159	0.008333333333333333	0.008726646250000001
158.125	-0.176	0.008333333333333333	0.008726646250000001
158.158	-0.187	0.008333333333333333	0.008726646250000001
158.191	-0.187	0.008333333333333333	0.008726646250000001
158.225	-0.177	0.008333333333333333	0.008726646250000001
158.258	-0.159	0.008333333333333333	0.008726646250000001
158.291	-0.133	0.008333333333333333	0.008726646250000001
158.325	-0.101	0.008333333333333333	0.008726646250000001
158.358	-0.06181	0.008333333333333333	0.008726646250000001
158.392	-0.02001	0.008333333333333333	0.008726646250000001
158.425	0.02512	0.008333333333333333	0.008726646250000001
158.458	0.06853	0.008333333333333333	0.008726646250000001
158.492	0.11	0.008333333333333333	0.008726646250000001
158.525	0.145	0.008333333333333333	0.008726646250000001
158.558	0.179	0.008333333333333333	0.008726646250000001
158.592	0.201	0.008333333333333333	0.008726646250000001
158.625	0.215	0.008333333333333333	0.008726646250000001
158.659	0.22	0.008333333333333333	0.008726646250000001
158.692	0.214	0.008333333333333333	0.008726646250000001
158.725	0.199	0.008333333333333333	0.008726646250000001
158.759	0.176	0.008333333333333333	0.008726646250000001
158.792	0.144	0.008333333333333333	0.008726646250000001
158.825	0.107	0.008333333333333333	0.008726646250000001
158.859	0.06432	0.008333333333333333	0.008726646250000001
158.892	0.01923	0.008333333333333333	0.008726646250000001
158.925	-0.0256	0.008333333333333333	0.008726646250000001
158.959	-0.06624	0.008333333333333333	0.008726646250000001
158.992	-0.105	0.008333333333333333	0.008726646250000001
159.026	-0.138	0.008333333333333333	0.008726646250000001
159.059	-0.162	0.008333333333333333	0.008726646250000001
159.092	-0.178	0.008333333333333333	0.008726646250000001
159.126	-0.188	0.008333333333333333	0.008726646250000001
159.159	-0.186	0.008333333333333333	0.008726646250000001
159.192	-0.174	0.008333333333333333	0.008726646250000001
159.226	-0.155	0.008333333333333333	0.008726646250000001
159.259	-0.127	0.008333333333333333	0.008726646250000001
159.292	-0.09371	0.008333333333333333	0.008726646250000001
159.326	-0.05544	0.008333333333333333	0.008726646250000001
159.359	-0.01179	0.008333333333333333	0.008726646250000001
159.393	0.03225	0.008333333333333333	0.008726646250000001
159.426	0.07743	0.008333333333333333	0.008726646250000001
159.459	0.117	0.008333333333333333	0.008726646250000001
159.493	0.153	0.008333333333333333	0.008726646250000001
159.526	0.182	0.008333333333333333	0.008726646250000001
159.559	0.205	0.008333333333333333	0.008726646250000001
159.593	0.217	0.008333333333333333	0.008726646250000001
159.626	0.219	0.008333333333333333	0.008726646250000001
159.66	0.214	0.008333333333333333	0.008726646250000001
159.693	0.196	0.008333333333333333	0.008726646250000001
159.726	0.17	0.008333333333333333	0.008726646250000001
159.76	0.138	0.008333333333333333	0.008726646250000001
159.793	0.09821	0.008333333333333333	0.008726646250000001
159.826	0.05511	0.008333333333333333	0.008726646250000001
159.86	0.01297	0.008333333333333333	0.008726646250000001
159.893	-0.03166	0.008333333333333333	0.008726646250000001
159.926	-0.07283	0.008333333333333333	0.008726646250000001
159.96	-0.109	0.008333333333333333	0.008726646250000001
159.993	-0.141	0.008333333333333333	0.008726646250000001
160.027	-0.166	0.008333333333333333	0.008726646250000001
160.06	-0.179	0.008333333333333333	0.008726646250000001
160.093	-0.185	0.008333333333333333	0.008726646250000001
160.127	-0.181	0.008333333333333333	0.008726646250000001
160.16	-0.169	0.008333333333333333	0.008726646250000001
160.193	-0.149	0.008333333333333333	0.008726646250000001
160.227	-0.127	0.008333333333333333	0.008726646250000001
160.26	-0.09017	0.008333333333333333	0.008726646250000001
160.293	-0.04954	0.008333333333333333	0.008726646250000001
160.327	-0.003835	0.008333333333333333	0.008726646250000001
160.36	0.0402	0.008333333333333333	0.008726646250000001
160.394	0.08396	0.008333333333333333	0.008726646250000001
160.427	0.126	0.008333333333333333	0.008726646250000001
160.46	0.161	0.008333333333333333	0.008726646250000001
160.494	0.189	0.008333333333333333	0.008726646250000001
160.527	0.209	0.008333333333333333	0.008726646250000001
160.56	0.219	0.008333333333333333	0.008726646250000001
160.594	0.22	0.008333333333333333	0.008726646250000001
160.627	0.211	0.008333333333333333	0.008726646250000001
160.661	0.193	0.008333333333333333	0.008726646250000001
160.694	0.166	0.008333333333333333	0.008726646250000001
160.727	0.132	0.008333333333333333	0.008726646250000001
160.761	0.0923	0.008333333333333333	0.008726646250000001
160.794	0.05043	0.008333333333333333	0.008726646250000001
160.827	0.005749	0.008333333333333333	0.008726646250000001
160.861	-0.03631	0.008333333333333333	0.008726646250000001
160.894	-0.0779	0.008333333333333333	0.008726646250000001
160.927	-0.112	0.008333333333333333	0.008726646250000001
160.961	-0.141	0.008333333333333333	0.008726646250000001
160.994	-0.164	0.008333333333333333	0.008726646250000001
161.028	-0.178	0.008333333333333333	0.008726646250000001
161.061	-0.181	0.008333333333333333	0.008726646250000001
161.094	-0.176	0.008333333333333333	0.008726646250000001
161.128	-0.163	0.008333333333333333	0.008726646250000001
161.161	-0.141	0.008333333333333333	0.008726646250000001
161.194	-0.111	0.008333333333333333	0.008726646250000001
161.228	-0.07489	0.008333333333333333	0.008726646250000001
161.261	-0.03709	0.008333333333333333	0.008726646250000001
161.294	0.006215	0.008333333333333333	0.008726646250000001
161.328	0.04812	0.008333333333333333	0.008726646250000001
161.361	0.08985	0.008333333333333333	0.008726646250000001
161.395	0.129	0.008333333333333333	0.008726646250000001
161.428	0.162	0.008333333333333333	0.008726646250000001
161.461	0.187	0.008333333333333333	0.008726646250000001
161.495	0.205	0.008333333333333333	0.008726646250000001
161.528	0.213	0.008333333333333333	0.008726646250000001
161.561	0.211	0.008333333333333333	0.008726646250000001
161.595	0.2	0.008333333333333333	0.008726646250000001
161.628	0.181	0.008333333333333333	0.008726646250000001
161.661	0.154	0.008333333333333333	0.008726646250000001
161.695	0.119	0.008333333333333333	0.008726646250000001
161.728	0.08012	0.008333333333333333	0.008726646250000001
161.762	0.03855	0.008333333333333333	0.008726646250000001
161.795	-0.005281	0.008333333333333333	0.008726646250000001
161.828	-0.04612	0.008333333333333333	0.008726646250000001
161.862	-0.0853	0.008333333333333333	0.008726646250000001
161.895	-0.12	0.008333333333333333	0.008726646250000001
161.928	-0.147	0.008333333333333333	0.008726646250000001
161.962	-0.168	0.008333333333333333	0.008726646250000001
161.995	-0.179	0.008333333333333333	0.008726646250000001
162.029	-0.183	0.008333333333333333	0.008726646250000001
162.062	-0.176	0.008333333333333333	0.008726646250000001
162.095	-0.161	0.008333333333333333	0.008726646250000001
162.129	-0.137	0.008333333333333333	0.008726646250000001
162.162	-0.106	0.008333333333333333	0.008726646250000001
162.195	-0.06902	0.008333333333333333	0.008726646250000001
162.229	-0.02908	0.008333333333333333	0.008726646250000001
162.262	0.01257	0.008333333333333333	0.008726646250000001
162.295	0.05558	0.008333333333333333	0.008726646250000001
162.329	0.09643	0.008333333333333333	0.008726646250000001
162.362	0.133	0.008333333333333333	0.008726646250000001
162.396	0.164	0.008333333333333333	0.008726646250000001
162.429	0.188	0.008333333333333333	0.008726646250000001
162.462	0.205	0.008333333333333333	0.008726646250000001
162.496	0.212	0.008333333333333333	0.008726646250000001
162.529	0.208	0.008333333333333333	0.008726646250000001
162.562	0.196	0.008333333333333333	0.008726646250000001
162.596	0.175	0.008333333333333333	0.008726646250000001
162.629	0.146	0.008333333333333333	0.008726646250000001
162.662	0.111	0.008333333333333333	0.008726646250000001
162.696	0.07166	0.008333333333333333	0.008726646250000001
162.729	0.02922	0.008333333333333333	0.008726646250000001
162.763	-0.01366	0.008333333333333333	0.008726646250000001
162.796	-0.05486	0.008333333333333333	0.008726646250000001
162.829	-0.09404	0.008333333333333333	0.008726646250000001
162.863	-0.126	0.008333333333333333	0.008726646250000001
162.896	-0.153	0.008333333333333333	0.008726646250000001
162.929	-0.171	0.008333333333333333	0.008726646250000001
162.963	-0.182	0.008333333333333333	0.008726646250000001
162.996	-0.182	0.008333333333333333	0.008726646250000001
163.03	-0.174	0.008333333333333333	0.008726646250000001
163.063	-0.157	0.008333333333333333	0.008726646250000001
163.096	-0.132	0.008333333333333333	0.008726646250000001
163.13	-0.101	0.008333333333333333	0.008726646250000001
163.163	-0.0638	0.008333333333333333	0.008726646250000001
163.196	-0.02232	0.008333333333333333	0.008726646250000001
163.23	0.01943	0.008333333333333333	0.008726646250000001
163.263	0.06215	0.008333333333333333	0.008726646250000001
163.296	0.101	0.008333333333333333	0.008726646250000001
163.33	0.138	0.008333333333333333	0.008726646250000001
163.363	0.168	0.008333333333333333	0.008726646250000001
163.397	0.19	0.008333333333333333	0.008726646250000001
163.43	0.203	0.008333333333333333	0.008726646250000001
163.463	0.208	0.008333333333333333	0.008726646250000001
163.497	0.203	0.008333333333333333	0.008726646250000001
163.53	0.189	0.008333333333333333	0.008726646250000001
163.563	0.167	0.008333333333333333	0.008726646250000001
163.597	0.136	0.008333333333333333	0.008726646250000001
163.63	0.101	0.008333333333333333	0.008726646250000001
163.663	0.05952	0.008333333333333333	0.008726646250000001
163.697	0.01793	0.008333333333333333	0.008726646250000001
163.73	-0.02548	0.008333333333333333	0.008726646250000001
163.764	-0.06524	0.008333333333333333	0.008726646250000001
163.797	-0.103	0.008333333333333333	0.008726646250000001
163.83	-0.135	0.008333333333333333	0.008726646250000001
163.864	-0.159	0.008333333333333333	0.008726646250000001
163.897	-0.176	0.008333333333333333	0.008726646250000001
163.93	-0.185	0.008333333333333333	0.008726646250000001
163.964	-0.184	0.008333333333333333	0.008726646250000001
163.997	-0.173	0.008333333333333333	0.008726646250000001
164.031	-0.155	0.008333333333333333	0.008726646250000001
164.064	-0.128	0.008333333333333333	0.008726646250000001
164.097	-0.09581	0.008333333333333333	0.008726646250000001
164.131	-0.05802	0.008333333333333333	0.008726646250000001
164.164	-0.01766	0.008333333333333333	0.008726646250000001
164.197	0.02422	0.008333333333333333	0.008726646250000001
164.231	0.06677	0.008333333333333333	0.008726646250000001
164.264	0.106	0.008333333333333333	0.008726646250000001
164.297	0.141	0.008333333333333333	0.008726646250000001
164.331	0.169	0.008333333333333333	0.008726646250000001
164.364	0.191	0.008333333333333333	0.008726646250000001
164.398	0.204	0.008333333333333333	0.008726646250000001
164.431	0.207	0.008333333333333333	0.008726646250000001
164.464	0.2	0.008333333333333333	0.008726646250000001
164.498	0.184	0.008333333333333333	0.008726646250000001
164.531	0.16	0.008333333333333333	0.008726646250000001
164.564	0.129	0.008333333333333333	0.008726646250000001
164.598	0.09101	0.008333333333333333	0.008726646250000001
164.631	0.05174	0.008333333333333333	0.008726646250000001
164.665	0.009113	0.008333333333333333	0.008726646250000001
164.698	-0.03304	0.008333333333333333	0.008726646250000001
164.731	-0.07309	0.008333333333333333	0.008726646250000001
164.765	-0.108	0.008333333333333333	0.008726646250000001
164.798	-0.139	0.008333333333333333	0.008726646250000001
164.831	-0.162	0.008333333333333333	0.008726646250000001
164.865	-0.177	0.008333333333333333	0.008726646250000001
164.898	-0.184	0.008333333333333333	0.008726646250000001
164.931	-0.181	0.008333333333333333	0.008726646250000001
164.965	-0.169	0.008333333333333333	0.008726646250000001
164.998	-0.149	0.008333333333333333	0.008726646250000001
165.032	-0.122	0.008333333333333333	0.008726646250000001
165.065	-0.08711	0.008333333333333333	0.008726646250000001
165.098	-0.04881	0.008333333333333333	0.008726646250000001
165.132	-0.007721	0.008333333333333333	0.008726646250000001
165.165	0.03425	0.008333333333333333	0.008726646250000001
165.198	0.0754	0.008333333333333333	0.008726646250000001
165.232	0.114	0.008333333333333333	0.008726646250000001
165.265	0.148	0.008333333333333333	0.008726646250000001
165.298	0.175	0.008333333333333333	0.008726646250000001
165.332	0.194	0.008333333333333333	0.008726646250000001
165.365	0.204	0.008333333333333333	0.008726646250000001
165.399	0.205	0.008333333333333333	0.008726646250000001
165.432	0.196	0.008333333333333333	0.008726646250000001
165.465	0.179	0.008333333333333333	0.008726646250000001
165.499	0.153	0.008333333333333333	0.008726646250000001
165.532	0.12	0.008333333333333333	0.008726646250000001
165.565	0.08323	0.008333333333333333	0.008726646250000001
165.599	0.04282	0.008333333333333333	0.008726646250000001
165.632	0.0007362	0.008333333333333333	0.008726646250000001
165.666	-0.04043	0.008333333333333333	0.008726646250000001
165.699	-0.07929	0.008333333333333333	0.008726646250000001
165.732	-0.114	0.008333333333333333	0.008726646250000001
165.766	-0.142	0.008333333333333333	0.008726646250000001
165.799	-0.164	0.008333333333333333	0.008726646250000001
165.832	-0.177	0.008333333333333333	0.008726646250000001
165.866	-0.181	0.008333333333333333	0.008726646250000001
165.899	-0.177	0.008333333333333333	0.008726646250000001
165.932	-0.163	0.008333333333333333	0.008726646250000001
165.966	-0.141	0.008333333333333333	0.008726646250000001
165.999	-0.111	0.008333333333333333	0.008726646250000001
166.033	-0.07673	0.008333333333333333	0.008726646250000001
166.066	-0.03751	0.008333333333333333	0.008726646250000001
166.099	0.003898	0.008333333333333333	0.008726646250000001
166.133	0.04623	0.008333333333333333	0.008726646250000001
166.166	0.08699	0.008333333333333333	0.008726646250000001
166.199	0.124	0.008333333333333333	0.008726646250000001
166.233	0.156	0.008333333333333333	0.008726646250000001
166.266	0.182	0.008333333333333333	0.008726646250000001
166.299	0.199	0.008333333333333333	0.008726646250000001
166.333	0.207	0.008333333333333333	0.008726646250000001
166.366	0.206	0.008333333333333333	0.008726646250000001
166.4	0.196	0.008333333333333333	0.008726646250000001
166.433	0.177	0.008333333333333333	0.008726646250000001
166.466	0.15	0.008333333333333333	0.008726646250000001
166.5	0.117	0.008333333333333333	0.008726646250000001
166.533	0.07754	0.008333333333333333	0.008726646250000001
166.566	0.03708	0.008333333333333333	0.008726646250000001
166.6	-0.004506	0.008333333333333333	0.008726646250000001
166.633	-0.04643	0.008333333333333333	0.008726646250000001
166.667	-0.08407	0.008333333333333333	0.008726646250000001
166.7	-0.117	0.008333333333333333	0.008726646250000001
166.733	-0.144	0.008333333333333333	0.008726646250000001
166.767	-0.164	0.008333333333333333	0.008726646250000001
166.8	-0.175	0.008333333333333333	0.008726646250000001
166.833	-0.176	0.008333333333333333	0.008726646250000001
166.867	-0.17	0.008333333333333333	0.008726646250000001
166.9	-0.155	0.008333333333333333	0.008726646250000001
166.933	-0.131	0.008333333333333333	0.008726646250000001
166.967	-0.101	0.008333333333333333	0.008726646250000001
167.0	-0.08391	0.008333333333333333	0.008726646250000001
167.034	-0.04606	0.008333333333333333	0.008726646250000001
167.067	-0.005528	0.008333333333333333	0.008726646250000001
167.1	0.03639	0.008333333333333333	0.008726646250000001
167.134	0.07753	0.008333333333333333	0.008726646250000001
167.167	0.115	0.008333333333333333	0.008726646250000001
167.2	0.149	0.008333333333333333	0.008726646250000001
167.234	0.177	0.008333333333333333	0.008726646250000001
167.267	0.197	0.008333333333333333	0.008726646250000001
167.3	0.207	0.008333333333333333	0.008726646250000001
167.334	0.21	0.008333333333333333	0.008726646250000001
167.367	0.201	0.008333333333333333	0.008726646250000001
167.401	0.185	0.008333333333333333	0.008726646250000001
167.434	0.159	0.008333333333333333	0.008726646250000001
167.467	0.128	0.008333333333333333	0.008726646250000001
167.501	0.09198	0.008333333333333333	0.008726646250000001
167.534	0.05178	0.008333333333333333	0.008726646250000001
167.567	0.009997	0.008333333333333333	0.008726646250000001
167.601	-0.03152	0.008333333333333333	0.008726646250000001
167.634	-0.07071	0.008333333333333333	0.008726646250000001
167.667	-0.105	0.008333333333333333	0.008726646250000001
167.701	-0.134	0.008333333333333333	0.008726646250000001
167.734	-0.155	0.008333333333333333	0.008726646250000001
167.768	-0.17	0.008333333333333333	0.008726646250000001
167.801	-0.174	0.008333333333333333	0.008726646250000001
167.834	-0.171	0.008333333333333333	0.008726646250000001
167.868	-0.158	0.008333333333333333	0.008726646250000001
167.901	-0.137	0.008333333333333333	0.008726646250000001
167.934	-0.109	0.008333333333333333	0.008726646250000001
167.968	-0.07408	0.008333333333333333	0.008726646250000001
168.001	-0.03668	0.008333333333333333	0.008726646250000001
168.035	0.00427	0.008333333333333333	0.008726646250000001
168.068	0.04664	0.008333333333333333	0.008726646250000001
168.101	0.08573	0.008333333333333333	0.008726646250000001
168.135	0.123	0.008333333333333333	0.008726646250000001
168.168	0.155	0.008333333333333333	0.008726646250000001
168.201	0.18	0.008333333333333333	0.008726646250000001
168.235	0.198	0.008333333333333333	0.008726646250000001
168.268	0.207	0.008333333333333333	0.008726646250000001
168.301	0.207	0.008333333333333333	0.008726646250000001
168.335	0.197	0.008333333333333333	0.008726646250000001
168.368	0.179	0.008333333333333333	0.008726646250000001
168.402	0.153	0.008333333333333333	0.008726646250000001
168.435	0.121	0.008333333333333333	0.008726646250000001
168.468	0.08277	0.008333333333333333	0.008726646250000001
168.502	0.04283	0.008333333333333333	0.008726646250000001
168.535	0.001112	0.008333333333333333	0.008726646250000001
168.568	-0.03965	0.008333333333333333	0.008726646250000001
168.602	-0.07645	0.008333333333333333	0.008726646250000001
168.635	-0.11	0.008333333333333333	0.008726646250000001
168.668	-0.137	0.008333333333333333	0.008726646250000001
168.702	-0.158	0.008333333333333333	0.008726646250000001
168.735	-0.169	0.008333333333333333	0.008726646250000001
168.769	-0.173	0.008333333333333333	0.008726646250000001
168.802	-0.167	0.008333333333333333	0.008726646250000001
168.835	-0.154	0.008333333333333333	0.008726646250000001
168.869	-0.131	0.008333333333333333	0.008726646250000001
168.902	-0.103	0.008333333333333333	0.008726646250000001
168.935	-0.06853	0.008333333333333333	0.008726646250000001
168.969	-0.03057	0.008333333333333333	0.008726646250000001
169.002	0.01102	0.008333333333333333	0.008726646250000001
169.036	0.05332	0.008333333333333333	0.008726646250000001
169.069	0.09345	0.008333333333333333	0.008726646250000001
169.102	0.128	0.008333333333333333	0.008726646250000001
169.136	0.162	0.008333333333333333	0.008726646250000001
169.169	0.184	0.008333333333333333	0.008726646250000001
169.202	0.2	0.008333333333333333	0.008726646250000001
169.236	0.206	0.008333333333333333	0.008726646250000001
169.269	0.204	0.008333333333333333	0.008726646250000001
169.302	0.194	0.008333333333333333	0.008726646250000001
169.336	0.173	0.008333333333333333	0.008726646250000001
169.369	0.146	0.008333333333333333	0.008726646250000001
169.403	0.113	0.008333333333333333	0.008726646250000001
169.436	0.07307	0.008333333333333333	0.008726646250000001
169.469	0.03295	0.008333333333333333	0.008726646250000001
169.503	-0.009896	0.008333333333333333	0.008726646250000001
169.536	-0.05134	0.008333333333333333	0.008726646250000001
169.569	-0.08866	0.008333333333333333	0.008726646250000001
169.603	-0.118	0.008333333333333333	0.008726646250000001
169.636	-0.147	0.008333333333333333	0.008726646250000001
169.669	-0.162	0.008333333333333333	0.008726646250000001
169.703	-0.172	0.008333333333333333	0.008726646250000001
169.736	-0.174	0.008333333333333333	0.008726646250000001
169.77	-0.167	0.008333333333333333	0.008726646250000001
169.803	-0.151	0.008333333333333333	0.008726646250000001
169.836	-0.128	0.008333333333333333	0.008726646250000001
169.87	-0.1	0.008333333333333333	0.008726646250000001
169.903	-0.06358	0.008333333333333333	0.008726646250000001
169.936	-0.02394	0.008333333333333333	0.008726646250000001
169.97	0.01958	0.008333333333333333	0.008726646250000001
170.003	0.06326	0.008333333333333333	0.008726646250000001
170.037	0.103	0.008333333333333333	0.008726646250000001
170.07	0.138	0.008333333333333333	0.008726646250000001
170.103	0.169	0.008333333333333333	0.008726646250000001
170.137	0.19	0.008333333333333333	0.008726646250000001
170.17	0.204	0.008333333333333333	0.008726646250000001
170.203	0.211	0.008333333333333333	0.008726646250000001
170.237	0.205	0.008333333333333333	0.008726646250000001
170.27	0.191	0.008333333333333333	0.008726646250000001
170.303	0.169	0.008333333333333333	0.008726646250000001
170.337	0.142	0.008333333333333333	0.008726646250000001
170.37	0.105	0.008333333333333333	0.008726646250000001
170.404	0.06515	0.008333333333333333	0.008726646250000001
170.437	0.02357	0.008333333333333333	0.008726646250000001
170.47	-0.01871	0.008333333333333333	0.008726646250000001
170.504	-0.05876	0.008333333333333333	0.008726646250000001
170.537	-0.09631	0.008333333333333333	0.008726646250000001
170.57	-0.128	0.008333333333333333	0.008726646250000001
170.604	-0.153	0.008333333333333333	0.008726646250000001
170.637	-0.166	0.008333333333333333	0.008726646250000001
170.671	-0.177	0.008333333333333333	0.008726646250000001
170.704	-0.175	0.008333333333333333	0.008726646250000001
170.737	-0.168	0.008333333333333333	0.008726646250000001
170.771	-0.15	0.008333333333333333	0.008726646250000001
170.804	-0.126	0.008333333333333333	0.008726646250000001
170.837	-0.09387	0.008333333333333333	0.008726646250000001
170.871	-0.0582	0.008333333333333333	0.008726646250000001
170.904	-0.01271	0.008333333333333333	0.008726646250000001
170.937	0.02815	0.008333333333333333	0.008726646250000001
170.971	0.06974	0.008333333333333333	0.008726646250000001
171.004	0.108	0.008333333333333333	0.008726646250000001
171.038	0.143	0.008333333333333333	0.008726646250000001
171.071	0.172	0.008333333333333333	0.008726646250000001
171.104	0.191	0.008333333333333333	0.008726646250000001
171.138	0.203	0.008333333333333333	0.008726646250000001
171.171	0.206	0.008333333333333333	0.008726646250000001
171.204	0.2	0.008333333333333333	0.008726646250000001
171.238	0.185	0.008333333333333333	0.008726646250000001
171.271	0.162	0.008333333333333333	0.008726646250000001
171.304	0.131	0.008333333333333333	0.008726646250000001
171.338	0.09527	0.008333333333333333	0.008726646250000001
171.371	0.05476	0.008333333333333333	0.008726646250000001
171.405	0.0147	0.008333333333333333	0.008726646250000001
171.438	-0.02702	0.008333333333333333	0.008726646250000001
171.471	-0.06956	0.008333333333333333	0.008726646250000001
171.505	-0.103	0.008333333333333333	0.008726646250000001
171.538	-0.134	0.008333333333333333	0.008726646250000001
171.571	-0.156	0.008333333333333333	0.008726646250000001
171.605	-0.17	0.008333333333333333	0.008726646250000001
171.638	-0.177	0.008333333333333333	0.008726646250000001
171.672	-0.173	0.008333333333333333	0.008726646250000001
171.705	-0.164	0.008333333333333333	0.008726646250000001
171.738	-0.144	0.008333333333333333	0.008726646250000001
171.772	-0.118	0.008333333333333333	0.008726646250000001
171.805	-0.08638	0.008333333333333333	0.008726646250000001
171.838	-0.04801	0.008333333333333333	0.008726646250000001
171.872	-0.004133	0.008333333333333333	0.008726646250000001
171.905	0.0386	0.008333333333333333	0.008726646250000001
171.938	0.07863	0.008333333333333333	0.008726646250000001
171.972	0.116	0.008333333333333333	0.008726646250000001
172.005	0.149	0.008333333333333333	0.008726646250000001
172.039	0.175	0.008333333333333333	0.008726646250000001
172.072	0.193	0.008333333333333333	0.008726646250000001
172.105	0.203	0.008333333333333333	0.008726646250000001
172.139	0.204	0.008333333333333333	0.008726646250000001
172.172	0.196	0.008333333333333333	0.008726646250000001
172.205	0.179	0.008333333333333333	0.008726646250000001
172.239	0.154	0.008333333333333333	0.008726646250000001
172.272	0.123	0.008333333333333333	0.008726646250000001
172.305	0.08605	0.008333333333333333	0.008726646250000001
172.339	0.04798	0.008333333333333333	0.008726646250000001
172.372	0.004091	0.008333333333333333	0.008726646250000001
172.406	-0.03803	0.008333333333333333	0.008726646250000001
172.439	-0.07464	0.008333333333333333	0.008726646250000001
172.472	-0.11	0.008333333333333333	0.008726646250000001
172.506	-0.138	0.008333333333333333	0.008726646250000001
172.539	-0.162	0.008333333333333333	0.008726646250000001
172.572	-0.174	0.008333333333333333	0.008726646250000001
172.606	-0.177	0.008333333333333333	0.008726646250000001
172.639	-0.173	0.008333333333333333	0.008726646250000001
172.673	-0.158	0.008333333333333333	0.008726646250000001
172.706	-0.137	0.008333333333333333	0.008726646250000001
172.739	-0.11	0.008333333333333333	0.008726646250000001
172.773	-0.07518	0.008333333333333333	0.008726646250000001
172.806	-0.037	0.008333333333333333	0.008726646250000001
172.839	0.004609	0.008333333333333333	0.008726646250000001
172.873	0.04507	0.008333333333333333	0.008726646250000001
172.906	0.08506	0.008333333333333333	0.008726646250000001
172.939	0.122	0.008333333333333333	0.008726646250000001
172.973	0.154	0.008333333333333333	0.008726646250000001
173.006	0.177	0.008333333333333333	0.008726646250000001
173.04	0.194	0.008333333333333333	0.008726646250000001
173.073	0.202	0.008333333333333333	0.008726646250000001
173.106	0.201	0.008333333333333333	0.008726646250000001
173.14	0.191	0.008333333333333333	0.008726646250000001
173.173	0.174	0.008333333333333333	0.008726646250000001
173.206	0.147	0.008333333333333333	0.008726646250000001
173.24	0.114	0.008333333333333333	0.008726646250000001
173.273	0.07798	0.008333333333333333	0.008726646250000001
173.306	0.03698	0.008333333333333333	0.008726646250000001
173.34	-0.004249	0.008333333333333333	0.008726646250000001
173.373	-0.04463	0.008333333333333333	0.008726646250000001
173.407	-0.08166	0.008333333333333333	0.008726646250000001
173.44	-0.116	0.008333333333333333	0.008726646250000001
173.473	-0.139	0.008333333333333333	0.008726646250000001
173.507	-0.159	0.008333333333333333	0.008726646250000001
173.54	-0.169	0.008333333333333333	0.008726646250000001
173.573	-0.172	0.008333333333333333	0.008726646250000001
173.607	-0.167	0.008333333333333333	0.008726646250000001
173.64	-0.152	0.008333333333333333	0.008726646250000001
173.673	-0.13	0.008333333333333333	0.008726646250000001
173.707	-0.102	0.008333333333333333	0.008726646250000001
173.74	-0.06638	0.008333333333333333	0.008726646250000001
173.774	-0.02866	0.008333333333333333	0.008726646250000001
173.807	0.01272	0.008333333333333333	0.008726646250000001
173.84	0.05426	0.008333333333333333	0.008726646250000001
173.874	0.09399	0.008333333333333333	0.008726646250000001
173.907	0.129	0.008333333333333333	0.008726646250000001
173.94	0.158	0.008333333333333333	0.008726646250000001
173.974	0.181	0.008333333333333333	0.008726646250000001
174.007	0.195	0.008333333333333333	0.008726646250000001
174.041	0.201	0.008333333333333333	0.008726646250000001
174.074	0.199	0.008333333333333333	0.008726646250000001
174.107	0.187	0.008333333333333333	0.008726646250000001
174.141	0.168	0.008333333333333333	0.008726646250000001
174.174	0.14	0.008333333333333333	0.008726646250000001
174.207	0.107	0.008333333333333333	0.008726646250000001
174.241	0.07063	0.008333333333333333	0.008726646250000001
174.274	0.02851	0.008333333333333333	0.008726646250000001
174.307	-0.01129	0.008333333333333333	0.008726646250000001
174.341	-0.05196	0.008333333333333333	0.008726646250000001
174.374	-0.08691	0.008333333333333333	0.008726646250000001
174.408	-0.119	0.008333333333333333	0.008726646250000001
174.441	-0.143	0.008333333333333333	0.008726646250000001
174.474	-0.16	0.008333333333333333	0.008726646250000001
174.508	-0.17	0.008333333333333333	0.008726646250000001
174.541	-0.17	0.008333333333333333	0.008726646250000001
174.574	-0.163	0.008333333333333333	0.008726646250000001
174.608	-0.147	0.008333333333333333	0.008726646250000001
174.641	-0.124	0.008333333333333333	0.008726646250000001
174.674	-0.09238	0.008333333333333333	0.008726646250000001
174.708	-0.0577	0.008333333333333333	0.008726646250000001
174.741	-0.01847	0.008333333333333333	0.008726646250000001
174.775	0.0232	0.008333333333333333	0.008726646250000001
174.808	0.06242	0.008333333333333333	0.008726646250000001
174.841	0.1	0.008333333333333333	0.008726646250000001
174.875	0.135	0.008333333333333333	0.008726646250000001
174.908	0.164	0.008333333333333333	0.008726646250000001
174.941	0.184	0.008333333333333333	0.008726646250000001
174.975	0.196	0.008333333333333333	0.008726646250000001
175.008	0.2	0.008333333333333333	0.008726646250000001
175.042	0.197	0.008333333333333333	0.008726646250000001
175.075	0.183	0.008333333333333333	0.008726646250000001
175.108	0.161	0.008333333333333333	0.008726646250000001
175.142	0.132	0.008333333333333333	0.008726646250000001
175.175	0.09918	0.008333333333333333	0.008726646250000001
175.208	0.05965	0.008333333333333333	0.008726646250000001
175.242	0.01977	0.008333333333333333	0.008726646250000001
175.275	-0.02189	0.008333333333333333	0.008726646250000001
175.308	-0.06257	0.008333333333333333	0.008726646250000001
175.342	-0.09575	0.008333333333333333	0.008726646250000001
175.375	-0.125	0.008333333333333333	0.008726646250000001
175.409	-0.148	0.008333333333333333	0.008726646250000001
175.442	-0.163	0.008333333333333333	0.008726646250000001
175.475	-0.17	0.008333333333333333	0.008726646250000001
175.509	-0.17	0.008333333333333333	0.008726646250000001
175.542	-0.161	0.008333333333333333	0.008726646250000001
175.575	-0.144	0.008333333333333333	0.008726646250000001
175.609	-0.119	0.008333333333333333	0.008726646250000001
175.642	-0.08738	0.008333333333333333	0.008726646250000001
175.675	-0.05087	0.008333333333333333	0.008726646250000001
175.709	-0.009521	0.008333333333333333	0.008726646250000001
175.742	0.03152	0.008333333333333333	0.008726646250000001
175.776	0.07147	0.008333333333333333	0.008726646250000001
175.809	0.109	0.008333333333333333	0.008726646250000001
175.842	0.141	0.008333333333333333	0.008726646250000001
175.876	0.167	0.008333333333333333	0.008726646250000001
175.909	0.186	0.008333333333333333	0.008726646250000001
175.942	0.198	0.008333333333333333	0.008726646250000001
175.976	0.199	0.008333333333333333	0.008726646250000001
176.009	0.193	0.008333333333333333	0.008726646250000001
176.043	0.178	0.008333333333333333	0.008726646250000001
176.076	0.155	0.008333333333333333	0.008726646250000001
176.109	0.127	0.008333333333333333	0.008726646250000001
176.143	0.08997	0.008333333333333333	0.008726646250000001
176.176	0.05333	0.008333333333333333	0.008726646250000001
176.209	0.01132	0.008333333333333333	0.008726646250000001
176.243	-0.02881	0.008333333333333333	0.008726646250000001
176.276	-0.06748	0.008333333333333333	0.008726646250000001
176.309	-0.102	0.008333333333333333	0.008726646250000001
176.343	-0.129	0.008333333333333333	0.008726646250000001
176.376	-0.15	0.008333333333333333	0.008726646250000001
176.41	-0.163	0.008333333333333333	0.008726646250000001
176.443	-0.17	0.008333333333333333	0.008726646250000001
176.476	-0.166	0.008333333333333333	0.008726646250000001
176.51	-0.156	0.008333333333333333	0.008726646250000001
176.543	-0.138	0.008333333333333333	0.008726646250000001
176.576	-0.11	0.008333333333333333	0.008726646250000001
176.61	-0.07825	0.008333333333333333	0.008726646250000001
176.643	-0.04074	0.008333333333333333	0.008726646250000001
176.677	-0.0006609	0.008333333333333333	0.008726646250000001
176.71	0.04039	0.008333333333333333	0.008726646250000001
176.743	0.07999	0.008333333333333333	0.008726646250000001
176.777	0.114	0.008333333333333333	0.008726646250000001
176.81	0.147	0.008333333333333333	0.008726646250000001
176.843	0.171	0.008333333333333333	0.008726646250000001
176.877	0.188	0.008333333333333333	0.008726646250000001
176.91	0.198	0.008333333333333333	0.008726646250000001
176.943	0.198	0.008333333333333333	0.008726646250000001
176.977	0.19	0.008333333333333333	0.008726646250000001
177.01	0.172	0.008333333333333333	0.008726646250000001
177.044	0.149	0.008333333333333333	0.008726646250000001
177.077	0.118	0.008333333333333333	0.008726646250000001
177.11	0.08107	0.008333333333333333	0.008726646250000001
177.144	0.04238	0.008333333333333333	0.008726646250000001
177.177	0.002356	0.008333333333333333	0.008726646250000001
177.21	-0.0372	0.008333333333333333	0.008726646250000001
177.244	-0.07626	0.008333333333333333	0.008726646250000001
177.277	-0.108	0.008333333333333333	0.008726646250000001
177.31	-0.133	0.008333333333333333	0.008726646250000001
177.344	-0.154	0.008333333333333333	0.008726646250000001
177.377	-0.165	0.008333333333333333	0.008726646250000001
177.411	-0.169	0.008333333333333333	0.008726646250000001
177.444	-0.164	0.008333333333333333	0.008726646250000001
177.477	-0.152	0.008333333333333333	0.008726646250000001
177.511	-0.13	0.008333333333333333	0.008726646250000001
177.544	-0.105	0.008333333333333333	0.008726646250000001
177.577	-0.07165	0.008333333333333333	0.008726646250000001
177.611	-0.03191	0.008333333333333333	0.008726646250000001
177.644	0.007388	0.008333333333333333	0.008726646250000001
177.678	0.0489	0.008333333333333333	0.008726646250000001
177.711	0.08717	0.008333333333333333	0.008726646250000001
177.744	0.122	0.008333333333333333	0.008726646250000001
177.778	0.15	0.008333333333333333	0.008726646250000001
177.811	0.173	0.008333333333333333	0.008726646250000001
177.844	0.188	0.008333333333333333	0.008726646250000001
177.878	0.195	0.008333333333333333	0.008726646250000001
177.911	0.194	0.008333333333333333	0.008726646250000001
177.944	0.185	0.008333333333333333	0.008726646250000001
177.978	0.167	0.008333333333333333	0.008726646250000001
178.011	0.141	0.008333333333333333	0.008726646250000001
178.045	0.108	0.008333333333333333	0.008726646250000001
178.078	0.07074	0.008333333333333333	0.008726646250000001
178.111	0.03274	0.008333333333333333	0.008726646250000001
178.145	-0.008168	0.008333333333333333	0.008726646250000001
178.178	-0.04678	0.008333333333333333	0.008726646250000001
178.211	-0.08133	0.008333333333333333	0.008726646250000001
178.245	-0.113	0.008333333333333333	0.008726646250000001
178.278	-0.139	0.008333333333333333	0.008726646250000001
178.311	-0.156	0.008333333333333333	0.008726646250000001
178.345	-0.166	0.008333333333333333	0.008726646250000001
178.378	-0.167	0.008333333333333333	0.008726646250000001
178.412	-0.162	0.008333333333333333	0.008726646250000001
178.445	-0.148	0.008333333333333333	0.008726646250000001
178.478	-0.125	0.008333333333333333	0.008726646250000001
178.512	-0.09785	0.008333333333333333	0.008726646250000001
178.545	-0.06255	0.008333333333333333	0.008726646250000001
178.578	-0.02678	0.008333333333333333	0.008726646250000001
178.612	0.01464	0.008333333333333333	0.008726646250000001
178.645	0.05578	0.008333333333333333	0.008726646250000001
178.679	0.09375	0.008333333333333333	0.008726646250000001
178.712	0.127	0.008333333333333333	0.008726646250000001
178.745	0.155	0.008333333333333333	0.008726646250000001
178.779	0.176	0.008333333333333333	0.008726646250000001
178.812	0.191	0.008333333333333333	0.008726646250000001
178.845	0.196	0.008333333333333333	0.008726646250000001
178.879	0.194	0.008333333333333333	0.008726646250000001
178.912	0.182	0.008333333333333333	0.008726646250000001
178.945	0.162	0.008333333333333333	0.008726646250000001
178.979	0.134	0.008333333333333333	0.008726646250000001
179.012	0.103	0.008333333333333333	0.008726646250000001
179.046	0.06524	0.008333333333333333	0.008726646250000001
179.079	0.02699	0.008333333333333333	0.008726646250000001
179.112	-0.01348	0.008333333333333333	0.008726646250000001
179.146	-0.05172	0.008333333333333333	0.008726646250000001
179.179	-0.08664	0.008333333333333333	0.008726646250000001
179.212	-0.118	0.008333333333333333	0.008726646250000001
179.246	-0.14	0.008333333333333333	0.008726646250000001
179.279	-0.157	0.008333333333333333	0.008726646250000001
179.312	-0.165	0.008333333333333333	0.008726646250000001
179.346	-0.166	0.008333333333333333	0.008726646250000001
179.379	-0.158	0.008333333333333333	0.008726646250000001
179.413	-0.142	0.008333333333333333	0.008726646250000001
179.446	-0.12	0.008333333333333333	0.008726646250000001
179.479	-0.09046	0.008333333333333333	0.008726646250000001
179.513	-0.05565	0.008333333333333333	0.008726646250000001
179.546	-0.01606	0.008333333333333333	0.008726646250000001
179.579	0.02322	0.008333333333333333	0.008726646250000001
179.613	0.0631	0.008333333333333333	0.008726646250000001
179.646	0.09919	0.008333333333333333	0.008726646250000001
179.679	0.133	0.008333333333333333	0.008726646250000001
179.713	0.159	0.008333333333333333	0.008726646250000001
179.746	0.178	0.008333333333333333	0.008726646250000001
179.78	0.192	0.008333333333333333	0.008726646250000001
179.813	0.195	0.008333333333333333	0.008726646250000001
179.846	0.19	0.008333333333333333	0.008726646250000001
179.88	0.176	0.008333333333333333	0.008726646250000001
179.913	0.156	0.008333333333333333	0.008726646250000001
179.946	0.128	0.008333333333333333	0.008726646250000001
179.98	0.09385	0.008333333333333333	0.008726646250000001
180.013	0.05695	0.008333333333333333	0.008726646250000001
180.047	0.01822	0.008333333333333333	0.008726646250000001
180.08	-0.02219	0.008333333333333333	0.008726646250000001
180.113	-0.06005	0.008333333333333333	0.008726646250000001
180.147	-0.076	0.008333333333333333	0.008726646250000001
180.18	-0.109	0.008333333333333333	0.008726646250000001
180.213	-0.133	0.008333333333333333	0.008726646250000001
180.247	-0.152	0.008333333333333333	0.008726646250000001
180.28	-0.162	0.008333333333333333	0.008726646250000001
180.313	-0.165	0.008333333333333333	0.008726646250000001
180.347	-0.16	0.008333333333333333	0.008726646250000001
180.38	-0.146	0.008333333333333333	0.008726646250000001
180.414	-0.125	0.008333333333333333	0.008726646250000001
180.447	-0.09907	0.008333333333333333	0.008726646250000001
180.48	-0.06638	0.008333333333333333	0.008726646250000001
180.514	-0.0286	0.008333333333333333	0.008726646250000001
180.547	0.01104	0.008333333333333333	0.008726646250000001
180.58	0.05234	0.008333333333333333	0.008726646250000001
180.614	0.09024	0.008333333333333333	0.008726646250000001
180.647	0.123	0.008333333333333333	0.008726646250000001
180.68	0.152	0.008333333333333333	0.008726646250000001
180.714	0.174	0.008333333333333333	0.008726646250000001
180.747	0.188	0.008333333333333333	0.008726646250000001
180.781	0.194	0.008333333333333333	0.008726646250000001
180.814	0.192	0.008333333333333333	0.008726646250000001
180.847	0.182	0.008333333333333333	0.008726646250000001
180.881	0.163	0.008333333333333333	0.008726646250000001
180.914	0.136	0.008333333333333333	0.008726646250000001
180.947	0.104	0.008333333333333333	0.008726646250000001
180.981	0.06716	0.008333333333333333	0.008726646250000001
181.014	0.02878	0.008333333333333333	0.008726646250000001
181.048	-0.01186	0.008333333333333333	0.008726646250000001
181.081	-0.05011	0.008333333333333333	0.008726646250000001
181.114	-0.08507	0.008333333333333333	0.008726646250000001
181.148	-0.116	0.008333333333333333	0.008726646250000001
181.181	-0.139	0.008333333333333333	0.008726646250000001
181.214	-0.156	0.008333333333333333	0.008726646250000001
181.248	-0.166	0.008333333333333333	0.008726646250000001
181.281	-0.165	0.008333333333333333	0.008726646250000001
181.314	-0.158	0.008333333333333333	0.008726646250000001
181.348	-0.144	0.008333333333333333	0.008726646250000001
181.381	-0.121	0.008333333333333333	0.008726646250000001
181.415	-0.09252	0.008333333333333333	0.008726646250000001
181.448	-0.05785	0.008333333333333333	0.008726646250000001
181.481	-0.02002	0.008333333333333333	0.008726646250000001
181.515	0.02131	0.008333333333333333	0.008726646250000001
181.548	0.05899	0.008333333333333333	0.008726646250000001
181.581	0.09544	0.008333333333333333	0.008726646250000001
181.615	0.128	0.008333333333333333	0.008726646250000001
181.648	0.156	0.008333333333333333	0.008726646250000001
181.681	0.176	0.008333333333333333	0.008726646250000001
181.715	0.188	0.008333333333333333	0.008726646250000001
181.748	0.193	0.008333333333333333	0.008726646250000001
181.782	0.189	0.008333333333333333	0.008726646250000001
181.815	0.177	0.008333333333333333	0.008726646250000001
181.848	0.156	0.008333333333333333	0.008726646250000001
181.882	0.129	0.008333333333333333	0.008726646250000001
181.915	0.09721	0.008333333333333333	0.008726646250000001
181.948	0.0583	0.008333333333333333	0.008726646250000001
181.982	0.02017	0.008333333333333333	0.008726646250000001
182.015	-0.01897	0.008333333333333333	0.008726646250000001
182.049	-0.0586	0.008333333333333333	0.008726646250000001
182.082	-0.09193	0.008333333333333333	0.008726646250000001
182.115	-0.119	0.008333333333333333	0.008726646250000001
182.149	-0.142	0.008333333333333333	0.008726646250000001
182.182	-0.157	0.008333333333333333	0.008726646250000001
182.215	-0.165	0.008333333333333333	0.008726646250000001
182.249	-0.163	0.008333333333333333	0.008726646250000001
182.282	-0.155	0.008333333333333333	0.008726646250000001
182.315	-0.139	0.008333333333333333	0.008726646250000001
182.349	-0.114	0.008333333333333333	0.008726646250000001
182.382	-0.08533	0.008333333333333333	0.008726646250000001
182.416	-0.04907	0.008333333333333333	0.008726646250000001
182.449	-0.01144	0.008333333333333333	0.008726646250000001
182.482	0.02808	0.008333333333333333	0.008726646250000001
182.516	0.06671	0.008333333333333333	0.008726646250000001
182.549	0.101	0.008333333333333333	0.008726646250000001
182.582	0.134	0.008333333333333333	0.008726646250000001
182.616	0.16	0.008333333333333333	0.008726646250000001
182.649	0.178	0.008333333333333333	0.008726646250000001
182.683	0.19	0.008333333333333333	0.008726646250000001
182.716	0.19	0.008333333333333333	0.008726646250000001
182.749	0.186	0.008333333333333333	0.008726646250000001
182.783	0.172	0.008333333333333333	0.008726646250000001
182.816	0.149	0.008333333333333333	0.008726646250000001
182.849	0.12	0.008333333333333333	0.008726646250000001
182.883	0.08872	0.008333333333333333	0.008726646250000001
182.916	0.0514	0.008333333333333333	0.008726646250000001
182.949	0.0132	0.008333333333333333	0.008726646250000001
182.983	-0.0268	0.008333333333333333	0.008726646250000001
183.016	-0.06172	0.008333333333333333	0.008726646250000001
183.05	-0.09675	0.008333333333333333	0.008726646250000001
183.083	-0.123	0.008333333333333333	0.008726646250000001
183.116	-0.145	0.008333333333333333	0.008726646250000001
183.15	-0.159	0.008333333333333333	0.008726646250000001
183.183	-0.163	0.008333333333333333	0.008726646250000001
183.216	-0.161	0.008333333333333333	0.008726646250000001
183.25	-0.151	0.008333333333333333	0.008726646250000001
183.283	-0.131	0.008333333333333333	0.008726646250000001
183.316	-0.107	0.008333333333333333	0.008726646250000001
183.35	-0.07629	0.008333333333333333	0.008726646250000001
183.383	-0.04051	0.008333333333333333	0.008726646250000001
183.417	-0.002976	0.008333333333333333	0.008726646250000001
183.45	0.03667	0.008333333333333333	0.008726646250000001
183.483	0.07365	0.008333333333333333	0.008726646250000001
183.517	0.108	0.008333333333333333	0.008726646250000001
183.55	0.139	0.008333333333333333	0.008726646250000001
183.583	0.162	0.008333333333333333	0.008726646250000001
183.617	0.179	0.008333333333333333	0.008726646250000001
183.65	0.189	0.008333333333333333	0.008726646250000001
183.684	0.19	0.008333333333333333	0.008726646250000001
183.717	0.182	0.008333333333333333	0.008726646250000001
183.75	0.167	0.008333333333333333	0.008726646250000001
183.784	0.144	0.008333333333333333	0.008726646250000001
183.817	0.113	0.008333333333333333	0.008726646250000001
183.85	0.07988	0.008333333333333333	0.008726646250000001
183.884	0.04252	0.008333333333333333	0.008726646250000001
183.917	0.004059	0.008333333333333333	0.008726646250000001
183.95	-0.03384	0.008333333333333333	0.008726646250000001
183.984	-0.06897	0.008333333333333333	0.008726646250000001
184.017	-0.102	0.008333333333333333	0.008726646250000001
184.051	-0.128	0.008333333333333333	0.008726646250000001
184.084	-0.146	0.008333333333333333	0.008726646250000001
184.117	-0.158	0.008333333333333333	0.008726646250000001
184.151	-0.163	0.008333333333333333	0.008726646250000001
184.184	-0.16	0.008333333333333333	0.008726646250000001
184.217	-0.147	0.008333333333333333	0.008726646250000001
184.251	-0.129	0.008333333333333333	0.008726646250000001
184.284	-0.101	0.008333333333333333	0.008726646250000001
184.317	-0.07009	0.008333333333333333	0.008726646250000001
184.351	-0.03552	0.008333333333333333	0.008726646250000001
184.384	0.005977	0.008333333333333333	0.008726646250000001
184.418	0.04335	0.008333333333333333	0.008726646250000001
184.451	0.08208	0.008333333333333333	0.008726646250000001
184.484	0.114	0.008333333333333333	0.008726646250000001
184.518	0.144	0.008333333333333333	0.008726646250000001
184.551	0.165	0.008333333333333333	0.008726646250000001
184.584	0.182	0.008333333333333333	0.008726646250000001
184.618	0.189	0.008333333333333333	0.008726646250000001
184.651	0.187	0.008333333333333333	0.008726646250000001
184.685	0.179	0.008333333333333333	0.008726646250000001
184.718	0.161	0.008333333333333333	0.008726646250000001
184.751	0.136	0.008333333333333333	0.008726646250000001
184.785	0.106	0.008333333333333333	0.008726646250000001
184.818	0.07085	0.008333333333333333	0.008726646250000001
184.851	0.0342	0.008333333333333333	0.008726646250000001
184.885	-0.003984	0.008333333333333333	0.008726646250000001
184.918	-0.04254	0.008333333333333333	0.008726646250000001
184.951	-0.07791	0.008333333333333333	0.008726646250000001
184.985	-0.109	0.008333333333333333	0.008726646250000001
185.018	-0.133	0.008333333333333333	0.008726646250000001
185.052	-0.15	0.008333333333333333	0.008726646250000001
185.085	-0.16	0.008333333333333333	0.008726646250000001
185.118	-0.163	0.008333333333333333	0.008726646250000001
185.152	-0.156	0.008333333333333333	0.008726646250000001
185.185	-0.144	0.008333333333333333	0.008726646250000001
185.218	-0.123	0.008333333333333333	0.008726646250000001
185.252	-0.09381	0.008333333333333333	0.008726646250000001
185.285	-0.06107	0.008333333333333333	0.008726646250000001
185.318	-0.02534	0.008333333333333333	0.008726646250000001
185.352	0.0129	0.008333333333333333	0.008726646250000001
185.385	0.05132	0.008333333333333333	0.008726646250000001
185.419	0.08734	0.008333333333333333	0.008726646250000001
185.452	0.121	0.008333333333333333	0.008726646250000001
185.485	0.148	0.008333333333333333	0.008726646250000001
185.519	0.17	0.008333333333333333	0.008726646250000001
185.552	0.183	0.008333333333333333	0.008726646250000001
185.585	0.188	0.008333333333333333	0.008726646250000001
185.619	0.185	0.008333333333333333	0.008726646250000001
185.652	0.176	0.008333333333333333	0.008726646250000001
185.685	0.156	0.008333333333333333	0.008726646250000001
185.719	0.131	0.008333333333333333	0.008726646250000001
185.752	0.101	0.008333333333333333	0.008726646250000001
185.786	0.06379	0.008333333333333333	0.008726646250000001
185.819	0.02717	0.008333333333333333	0.008726646250000001
185.852	-0.01308	0.008333333333333333	0.008726646250000001
185.886	-0.04989	0.008333333333333333	0.008726646250000001
185.919	-0.08202	0.008333333333333333	0.008726646250000001
185.952	-0.114	0.008333333333333333	0.008726646250000001
185.986	-0.136	0.008333333333333333	0.008726646250000001
186.019	-0.151	0.008333333333333333	0.008726646250000001
186.053	-0.159	0.008333333333333333	0.008726646250000001
186.086	-0.161	0.008333333333333333	0.008726646250000001
186.119	-0.152	0.008333333333333333	0.008726646250000001
186.153	-0.137	0.008333333333333333	0.008726646250000001
186.186	-0.116	0.008333333333333333	0.008726646250000001
186.219	-0.08883	0.008333333333333333	0.008726646250000001
186.253	-0.05629	0.008333333333333333	0.008726646250000001
186.286	-0.01832	0.008333333333333333	0.008726646250000001
186.319	0.02161	0.008333333333333333	0.008726646250000001
186.353	0.05971	0.008333333333333333	0.008726646250000001
186.386	0.09504	0.008333333333333333	0.008726646250000001
186.42	0.126	0.008333333333333333	0.008726646250000001
186.453	0.153	0.008333333333333333	0.008726646250000001
186.486	0.173	0.008333333333333333	0.008726646250000001
186.52	0.184	0.008333333333333333	0.008726646250000001
186.553	0.188	0.008333333333333333	0.008726646250000001
186.586	0.183	0.008333333333333333	0.008726646250000001
186.62	0.171	0.008333333333333333	0.008726646250000001
186.653	0.15	0.008333333333333333	0.008726646250000001
186.686	0.124	0.008333333333333333	0.008726646250000001
186.72	0.09169	0.008333333333333333	0.008726646250000001
186.753	0.05635	0.008333333333333333	0.008726646250000001
186.787	0.01982	0.008333333333333333	0.008726646250000001
186.82	-0.01996	0.008333333333333333	0.008726646250000001
186.853	-0.05683	0.008333333333333333	0.008726646250000001
186.887	-0.08716	0.008333333333333333	0.008726646250000001
186.92	-0.116	0.008333333333333333	0.008726646250000001
186.953	-0.137	0.008333333333333333	0.008726646250000001
186.987	-0.152	0.008333333333333333	0.008726646250000001
187.02	-0.159	0.008333333333333333	0.008726646250000001
187.054	-0.157	0.008333333333333333	0.008726646250000001
187.087	-0.149	0.008333333333333333	0.008726646250000001
187.12	-0.131	0.008333333333333333	0.008726646250000001
187.154	-0.107	0.008333333333333333	0.008726646250000001
187.187	-0.07822	0.008333333333333333	0.008726646250000001
187.22	-0.04524	0.008333333333333333	0.008726646250000001
187.254	-0.007685	0.008333333333333333	0.008726646250000001
187.287	0.03018	0.008333333333333333	0.008726646250000001
187.32	0.06677	0.008333333333333333	0.008726646250000001
187.354	0.102	0.008333333333333333	0.008726646250000001
187.387	0.132	0.008333333333333333	0.008726646250000001
187.421	0.157	0.008333333333333333	0.008726646250000001
187.454	0.175	0.008333333333333333	0.008726646250000001
187.487	0.185	0.008333333333333333	0.008726646250000001
187.521	0.188	0.008333333333333333	0.008726646250000001
187.554	0.181	0.008333333333333333	0.008726646250000001
187.587	0.166	0.008333333333333333	0.008726646250000001
187.621	0.145	0.008333333333333333	0.008726646250000001
187.654	0.116	0.008333333333333333	0.008726646250000001
187.688	0.08467	0.008333333333333333	0.008726646250000001
187.721	0.04769	0.008333333333333333	0.008726646250000001
187.754	0.009508	0.008333333333333333	0.008726646250000001
187.788	-0.0288	0.008333333333333333	0.008726646250000001
187.821	-0.06363	0.008333333333333333	0.008726646250000001
187.854	-0.09571	0.008333333333333333	0.008726646250000001
187.888	-0.119	0.008333333333333333	0.008726646250000001
187.921	-0.142	0.008333333333333333	0.008726646250000001
187.954	-0.154	0.008333333333333333	0.008726646250000001
187.988	-0.156	0.008333333333333333	0.008726646250000001
188.021	-0.157	0.008333333333333333	0.008726646250000001
188.055	-0.145	0.008333333333333333	0.008726646250000001
188.088	-0.128	0.008333333333333333	0.008726646250000001
188.121	-0.104	0.008333333333333333	0.008726646250000001
188.155	-0.07098	0.008333333333333333	0.008726646250000001
188.188	-0.03672	0.008333333333333333	0.008726646250000001
188.221	0.0004705	0.008333333333333333	0.008726646250000001
188.255	0.03841	0.008333333333333333	0.008726646250000001
188.288	0.07475	0.008333333333333333	0.008726646250000001
188.321	0.109	0.008333333333333333	0.008726646250000001
188.355	0.139	0.008333333333333333	0.008726646250000001
188.388	0.161	0.008333333333333333	0.008726646250000001
188.422	0.179	0.008333333333333333	0.008726646250000001
188.455	0.187	0.008333333333333333	0.008726646250000001
188.488	0.188	0.008333333333333333	0.008726646250000001
188.522	0.18	0.008333333333333333	0.008726646250000001
188.555	0.164	0.008333333333333333	0.008726646250000001
188.588	0.14	0.008333333333333333	0.008726646250000001
188.622	0.113	0.008333333333333333	0.008726646250000001
188.655	0.07756	0.008333333333333333	0.008726646250000001
188.689	0.04287	0.008333333333333333	0.008726646250000001
188.722	0.004583	0.008333333333333333	0.008726646250000001
188.755	-0.03905	0.008333333333333333	0.008726646250000001
188.789	-0.07326	0.008333333333333333	0.008726646250000001
188.822	-0.104	0.008333333333333333	0.008726646250000001
188.855	-0.132	0.008333333333333333	0.008726646250000001
188.889	-0.151	0.008333333333333333	0.008726646250000001
188.922	-0.161	0.008333333333333333	0.008726646250000001
188.955	-0.164	0.008333333333333333	0.008726646250000001
188.989	-0.161	0.008333333333333333	0.008726646250000001
189.022	-0.151	0.008333333333333333	0.008726646250000001
189.056	-0.128	0.008333333333333333	0.008726646250000001
189.089	-0.105	0.008333333333333333	0.008726646250000001
189.122	-0.07354	0.008333333333333333	0.008726646250000001
189.156	-0.03337	0.008333333333333333	0.008726646250000001
189.189	0.005906	0.008333333333333333	0.008726646250000001
189.222	0.04391	0.008333333333333333	0.008726646250000001
189.256	0.07879	0.008333333333333333	0.008726646250000001
189.289	0.112	0.008333333333333333	0.008726646250000001
189.322	0.139	0.008333333333333333	0.008726646250000001
189.356	0.161	0.008333333333333333	0.008726646250000001
189.389	0.175	0.008333333333333333	0.008726646250000001
189.423	0.182	0.008333333333333333	0.008726646250000001
189.456	0.181	0.008333333333333333	0.008726646250000001
189.489	0.171	0.008333333333333333	0.008726646250000001
189.523	0.155	0.008333333333333333	0.008726646250000001
189.556	0.131	0.008333333333333333	0.008726646250000001
189.589	0.102	0.008333333333333333	0.008726646250000001
189.623	0.06771	0.008333333333333333	0.008726646250000001
189.656	0.03001	0.008333333333333333	0.008726646250000001
189.69	-0.005041	0.008333333333333333	0.008726646250000001
189.723	-0.04031	0.008333333333333333	0.008726646250000001
189.756	-0.07651	0.008333333333333333	0.008726646250000001
189.79	-0.103	0.008333333333333333	0.008726646250000001
189.823	-0.125	0.008333333333333333	0.008726646250000001
189.856	-0.142	0.008333333333333333	0.008726646250000001
189.89	-0.152	0.008333333333333333	0.008726646250000001
189.923	-0.154	0.008333333333333333	0.008726646250000001
189.956	-0.147	0.008333333333333333	0.008726646250000001
189.99	-0.134	0.008333333333333333	0.008726646250000001
190.023	-0.113	0.008333333333333333	0.008726646250000001
190.057	-0.08637	0.008333333333333333	0.008726646250000001
190.09	-0.05581	0.008333333333333333	0.008726646250000001
190.123	-0.02344	0.008333333333333333	0.008726646250000001
190.157	0.01486	0.008333333333333333	0.008726646250000001
190.19	0.05277	0.008333333333333333	0.008726646250000001
190.223	0.08678	0.008333333333333333	0.008726646250000001
190.257	0.118	0.008333333333333333	0.008726646250000001
190.29	0.145	0.008333333333333333	0.008726646250000001
190.323	0.165	0.008333333333333333	0.008726646250000001
190.357	0.178	0.008333333333333333	0.008726646250000001
190.39	0.183	0.008333333333333333	0.008726646250000001
190.424	0.179	0.008333333333333333	0.008726646250000001
190.457	0.168	0.008333333333333333	0.008726646250000001
190.49	0.15	0.008333333333333333	0.008726646250000001
190.524	0.125	0.008333333333333333	0.008726646250000001
190.557	0.0945	0.008333333333333333	0.008726646250000001
190.59	0.06111	0.008333333333333333	0.008726646250000001
190.624	0.02492	0.008333333333333333	0.008726646250000001
190.657	-0.01102	0.008333333333333333	0.008726646250000001
190.69	-0.04574	0.008333333333333333	0.008726646250000001
190.724	-0.07772	0.008333333333333333	0.008726646250000001
190.757	-0.106	0.008333333333333333	0.008726646250000001
190.791	-0.128	0.008333333333333333	0.008726646250000001
190.824	-0.143	0.008333333333333333	0.008726646250000001
190.857	-0.149	0.008333333333333333	0.008726646250000001
190.891	-0.149	0.008333333333333333	0.008726646250000001
190.924	-0.141	0.008333333333333333	0.008726646250000001
190.957	-0.126	0.008333333333333333	0.008726646250000001
190.991	-0.104	0.008333333333333333	0.008726646250000001
191.024	-0.07714	0.008333333333333333	0.008726646250000001
191.058	-0.04524	0.008333333333333333	0.008726646250000001
191.091	-0.01073	0.008333333333333333	0.008726646250000001
191.124	0.02463	0.008333333333333333	0.008726646250000001
191.158	0.06108	0.008333333333333333	0.008726646250000001
191.191	0.09446	0.008333333333333333	0.008726646250000001
191.224	0.124	0.008333333333333333	0.008726646250000001
191.258	0.15	0.008333333333333333	0.008726646250000001
191.291	0.168	0.008333333333333333	0.008726646250000001
191.324	0.179	0.008333333333333333	0.008726646250000001
191.358	0.182	0.008333333333333333	0.008726646250000001
191.391	0.177	0.008333333333333333	0.008726646250000001
191.425	0.165	0.008333333333333333	0.008726646250000001
191.458	0.145	0.008333333333333333	0.008726646250000001
191.491	0.119	0.008333333333333333	0.008726646250000001
191.525	0.0883	0.008333333333333333	0.008726646250000001
191.558	0.05313	0.008333333333333333	0.008726646250000001
191.591	0.01836	0.008333333333333333	0.008726646250000001
191.625	-0.01852	0.008333333333333333	0.008726646250000001
191.658	-0.05194	0.008333333333333333	0.008726646250000001
191.691	-0.08409	0.008333333333333333	0.008726646250000001
191.725	-0.11	0.008333333333333333	0.008726646250000001
191.758	-0.13	0.008333333333333333	0.008726646250000001
191.792	-0.143	0.008333333333333333	0.008726646250000001
191.825	-0.15	0.008333333333333333	0.008726646250000001
191.858	-0.148	0.008333333333333333	0.008726646250000001
191.892	-0.138	0.008333333333333333	0.008726646250000001
191.925	-0.122	0.008333333333333333	0.008726646250000001
191.958	-0.09812	0.008333333333333333	0.008726646250000001
191.992	-0.06864	0.008333333333333333	0.008726646250000001
192.025	-0.03709	0.008333333333333333	0.008726646250000001
192.059	-0.00196	0.008333333333333333	0.008726646250000001
192.092	0.03509	0.008333333333333333	0.008726646250000001
192.125	0.0694	0.008333333333333333	0.008726646250000001
192.159	0.102	0.008333333333333333	0.008726646250000001
192.192	0.132	0.008333333333333333	0.008726646250000001
192.225	0.155	0.008333333333333333	0.008726646250000001
192.259	0.172	0.008333333333333333	0.008726646250000001
192.292	0.182	0.008333333333333333	0.008726646250000001
192.325	0.183	0.008333333333333333	0.008726646250000001
192.359	0.176	0.008333333333333333	0.008726646250000001
192.392	0.161	0.008333333333333333	0.008726646250000001
192.426	0.14	0.008333333333333333	0.008726646250000001
192.459	0.113	0.008333333333333333	0.008726646250000001
192.492	0.08195	0.008333333333333333	0.008726646250000001
192.526	0.04647	0.008333333333333333	0.008726646250000001
192.559	0.01075	0.008333333333333333	0.008726646250000001
192.592	-0.02529	0.008333333333333333	0.008726646250000001
192.626	-0.05907	0.008333333333333333	0.008726646250000001
192.659	-0.08708	0.008333333333333333	0.008726646250000001
192.692	-0.112	0.008333333333333333	0.008726646250000001
192.726	-0.132	0.008333333333333333	0.008726646250000001
192.759	-0.144	0.008333333333333333	0.008726646250000001
192.793	-0.148	0.008333333333333333	0.008726646250000001
192.826	-0.144	0.008333333333333333	0.008726646250000001
192.859	-0.135	0.008333333333333333	0.008726646250000001
192.893	-0.116	0.008333333333333333	0.008726646250000001
192.926	-0.09143	0.008333333333333333	0.008726646250000001
192.959	-0.06211	0.008333333333333333	0.008726646250000001
192.993	-0.03012	0.008333333333333333	0.008726646250000001
193.026	0.00567	0.008333333333333333	0.008726646250000001
193.06	0.04143	0.008333333333333333	0.008726646250000001
193.093	0.07533	0.008333333333333333	0.008726646250000001
193.126	0.108	0.008333333333333333	0.008726646250000001
193.16	0.135	0.008333333333333333	0.008726646250000001
193.193	0.158	0.008333333333333333	0.008726646250000001
193.226	0.172	0.008333333333333333	0.008726646250000001
193.26	0.177	0.008333333333333333	0.008726646250000001
193.293	0.181	0.008333333333333333	0.008726646250000001
193.326	0.177	0.008333333333333333	0.008726646250000001
193.36	0.165	0.008333333333333333	0.008726646250000001
193.393	0.146	0.008333333333333333	0.008726646250000001
193.427	0.12	0.008333333333333333	0.008726646250000001
193.46	0.08951	0.008333333333333333	0.008726646250000001
193.493	0.05638	0.008333333333333333	0.008726646250000001
193.527	0.02041	0.008333333333333333	0.008726646250000001
193.56	-0.01453	0.008333333333333333	0.008726646250000001
193.593	-0.04823	0.008333333333333333	0.008726646250000001
193.627	-0.08015	0.008333333333333333	0.008726646250000001
193.66	-0.106	0.008333333333333333	0.008726646250000001
193.694	-0.129	0.008333333333333333	0.008726646250000001
193.727	-0.142	0.008333333333333333	0.008726646250000001
193.76	-0.149	0.008333333333333333	0.008726646250000001
193.794	-0.147	0.008333333333333333	0.008726646250000001
193.827	-0.138	0.008333333333333333	0.008726646250000001
193.86	-0.122	0.008333333333333333	0.008726646250000001
193.894	-0.1	0.008333333333333333	0.008726646250000001
193.927	-0.07111	0.008333333333333333	0.008726646250000001
193.96	-0.04035	0.008333333333333333	0.008726646250000001
193.994	-0.00571	0.008333333333333333	0.008726646250000001
194.027	0.03094	0.008333333333333333	0.008726646250000001
194.061	0.06465	0.008333333333333333	0.008726646250000001
194.094	0.09841	0.008333333333333333	0.008726646250000001
194.127	0.128	0.008333333333333333	0.008726646250000001
194.161	0.152	0.008333333333333333	0.008726646250000001
194.194	0.168	0.008333333333333333	0.008726646250000001
194.227	0.178	0.008333333333333333	0.008726646250000001
194.261	0.181	0.008333333333333333	0.008726646250000001
194.294	0.174	0.008333333333333333	0.008726646250000001
194.327	0.159	0.008333333333333333	0.008726646250000001
194.361	0.14	0.008333333333333333	0.008726646250000001
194.394	0.113	0.008333333333333333	0.008726646250000001
194.428	0.08188	0.008333333333333333	0.008726646250000001
194.461	0.04691	0.008333333333333333	0.008726646250000001
194.494	0.01179	0.008333333333333333	0.008726646250000001
194.528	-0.02533	0.008333333333333333	0.008726646250000001
194.561	-0.05758	0.008333333333333333	0.008726646250000001
194.594	-0.08804	0.008333333333333333	0.008726646250000001
194.628	-0.111	0.008333333333333333	0.008726646250000001
194.661	-0.13	0.008333333333333333	0.008726646250000001
194.695	-0.144	0.008333333333333333	0.008726646250000001
194.728	-0.148	0.008333333333333333	0.008726646250000001
194.761	-0.144	0.008333333333333333	0.008726646250000001
194.795	-0.134	0.008333333333333333	0.008726646250000001
194.828	-0.117	0.008333333333333333	0.008726646250000001
194.861	-0.09407	0.008333333333333333	0.008726646250000001
194.895	-0.06401	0.008333333333333333	0.008726646250000001
194.928	-0.03585	0.008333333333333333	0.008726646250000001
194.961	0.000464	0.008333333333333333	0.008726646250000001
194.995	0.03733	0.008333333333333333	0.008726646250000001
195.028	0.07217	0.008333333333333333	0.008726646250000001
195.062	0.104	0.008333333333333333	0.008726646250000001
195.095	0.134	0.008333333333333333	0.008726646250000001
195.128	0.156	0.008333333333333333	0.008726646250000001
195.162	0.171	0.008333333333333333	0.008726646250000001
195.195	0.18	0.008333333333333333	0.008726646250000001
195.228	0.181	0.008333333333333333	0.008726646250000001
195.262	0.172	0.008333333333333333	0.008726646250000001
195.295	0.157	0.008333333333333333	0.008726646250000001
195.328	0.134	0.008333333333333333	0.008726646250000001
195.362	0.105	0.008333333333333333	0.008726646250000001
195.395	0.07241	0.008333333333333333	0.008726646250000001
195.429	0.03746	0.008333333333333333	0.008726646250000001
195.462	0.0008238	0.008333333333333333	0.008726646250000001
195.495	-0.03339	0.008333333333333333	0.008726646250000001
195.529	-0.06861	0.008333333333333333	0.008726646250000001
195.562	-0.0974	0.008333333333333333	0.008726646250000001
195.595	-0.119	0.008333333333333333	0.008726646250000001
195.629	-0.137	0.008333333333333333	0.008726646250000001
195.662	-0.146	0.008333333333333333	0.008726646250000001
195.696	-0.148	0.008333333333333333	0.008726646250000001
195.729	-0.147	0.008333333333333333	0.008726646250000001
195.762	-0.133	0.008333333333333333	0.008726646250000001
195.796	-0.117	0.008333333333333333	0.008726646250000001
195.829	-0.09116	0.008333333333333333	0.008726646250000001
195.862	-0.06024	0.008333333333333333	0.008726646250000001
195.896	-0.02693	0.008333333333333333	0.008726646250000001
195.929	0.009448	0.008333333333333333	0.008726646250000001
195.962	0.0458	0.008333333333333333	0.008726646250000001
195.996	0.08123	0.008333333333333333	0.008726646250000001
196.029	0.113	0.008333333333333333	0.008726646250000001
196.063	0.141	0.008333333333333333	0.008726646250000001
196.096	0.162	0.008333333333333333	0.008726646250000001
196.129	0.176	0.008333333333333333	0.008726646250000001
196.163	0.182	0.008333333333333333	0.008726646250000001
196.196	0.181	0.008333333333333333	0.008726646250000001
196.229	0.171	0.008333333333333333	0.008726646250000001
196.263	0.153	0.008333333333333333	0.008726646250000001
196.296	0.131	0.008333333333333333	0.008726646250000001
196.329	0.101	0.008333333333333333	0.008726646250000001
196.363	0.06727	0.008333333333333333	0.008726646250000001
196.396	0.0309	0.008333333333333333	0.008726646250000001
196.43	-0.006538	0.008333333333333333	0.008726646250000001
196.463	-0.04462	0.008333333333333333	0.008726646250000001
196.496	-0.07332	0.008333333333333333	0.008726646250000001
196.53	-0.102	0.008333333333333333	0.008726646250000001
196.563	-0.125	0.008333333333333333	0.008726646250000001
196.596	-0.142	0.008333333333333333	0.008726646250000001
196.63	-0.151	0.008333333333333333	0.008726646250000001
196.663	-0.153	0.008333333333333333	0.008726646250000001
196.696	-0.146	0.008333333333333333	0.008726646250000001
196.73	-0.131	0.008333333333333333	0.008726646250000001
196.763	-0.11	0.008333333333333333	0.008726646250000001
196.797	-0.08497	0.008333333333333333	0.008726646250000001
196.83	-0.05692	0.008333333333333333	0.008726646250000001
196.863	-0.0186	0.008333333333333333	0.008726646250000001
196.897	0.01803	0.008333333333333333	0.008726646250000001
196.93	0.05513	0.008333333333333333	0.008726646250000001
196.963	0.08817	0.008333333333333333	0.008726646250000001
196.997	0.12	0.008333333333333333	0.008726646250000001
197.03	0.145	0.008333333333333333	0.008726646250000001
197.064	0.164	0.008333333333333333	0.008726646250000001
197.097	0.177	0.008333333333333333	0.008726646250000001
197.13	0.18	0.008333333333333333	0.008726646250000001
197.164	0.177	0.008333333333333333	0.008726646250000001
197.197	0.167	0.008333333333333333	0.008726646250000001
197.23	0.148	0.008333333333333333	0.008726646250000001
197.264	0.121	0.008333333333333333	0.008726646250000001
197.297	0.09313	0.008333333333333333	0.008726646250000001
197.33	0.05742	0.008333333333333333	0.008726646250000001
197.364	0.02168	0.008333333333333333	0.008726646250000001
197.397	-0.01514	0.008333333333333333	0.008726646250000001
197.431	-0.049	0.008333333333333333	0.008726646250000001
197.464	-0.08049	0.008333333333333333	0.008726646250000001
197.497	-0.108	0.008333333333333333	0.008726646250000001
197.531	-0.129	0.008333333333333333	0.008726646250000001
197.564	-0.144	0.008333333333333333	0.008726646250000001
197.597	-0.152	0.008333333333333333	0.008726646250000001
197.631	-0.15	0.008333333333333333	0.008726646250000001
197.664	-0.143	0.008333333333333333	0.008726646250000001
197.697	-0.128	0.008333333333333333	0.008726646250000001
197.731	-0.107	0.008333333333333333	0.008726646250000001
197.764	-0.07972	0.008333333333333333	0.008726646250000001
197.798	-0.04596	0.008333333333333333	0.008726646250000001
197.831	-0.01164	0.008333333333333333	0.008726646250000001
197.864	0.02493	0.008333333333333333	0.008726646250000001
197.898	0.06028	0.008333333333333333	0.008726646250000001
197.931	0.0938	0.008333333333333333	0.008726646250000001
197.964	0.124	0.008333333333333333	0.008726646250000001
197.998	0.147	0.008333333333333333	0.008726646250000001
198.031	0.167	0.008333333333333333	0.008726646250000001
198.065	0.175	0.008333333333333333	0.008726646250000001
198.098	0.179	0.008333333333333333	0.008726646250000001
198.131	0.173	0.008333333333333333	0.008726646250000001
198.165	0.16	0.008333333333333333	0.008726646250000001
198.198	0.141	0.008333333333333333	0.008726646250000001
198.231	0.116	0.008333333333333333	0.008726646250000001
198.265	0.08244	0.008333333333333333	0.008726646250000001
198.298	0.04902	0.008333333333333333	0.008726646250000001
198.331	0.01319	0.008333333333333333	0.008726646250000001
198.365	-0.02154	0.008333333333333333	0.008726646250000001
198.398	-0.05765	0.008333333333333333	0.008726646250000001
198.432	-0.08713	0.008333333333333333	0.008726646250000001
198.465	-0.113	0.008333333333333333	0.008726646250000001
198.498	-0.132	0.008333333333333333	0.008726646250000001
198.532	-0.146	0.008333333333333333	0.008726646250000001
198.565	-0.151	0.008333333333333333	0.008726646250000001
198.598	-0.15	0.008333333333333333	0.008726646250000001
198.632	-0.14	0.008333333333333333	0.008726646250000001
198.665	-0.124	0.008333333333333333	0.008726646250000001
198.698	-0.09995	0.008333333333333333	0.008726646250000001
198.732	-0.07039	0.008333333333333333	0.008726646250000001
198.765	-0.03973	0.008333333333333333	0.008726646250000001
198.799	-0.002473	0.008333333333333333	0.008726646250000001
198.832	0.03395	0.008333333333333333	0.008726646250000001
198.865	0.06884	0.008333333333333333	0.008726646250000001
198.899	0.101	0.008333333333333333	0.008726646250000001
198.932	0.128	0.008333333333333333	0.008726646250000001
198.965	0.152	0.008333333333333333	0.008726646250000001
198.999	0.168	0.008333333333333333	0.008726646250000001
199.032	0.177	0.008333333333333333	0.008726646250000001
199.066	0.178	0.008333333333333333	0.008726646250000001
199.099	0.17	0.008333333333333333	0.008726646250000001
199.132	0.157	0.008333333333333333	0.008726646250000001
199.166	0.135	0.008333333333333333	0.008726646250000001
199.199	0.107	0.008333333333333333	0.008726646250000001
199.232	0.07503	0.008333333333333333	0.008726646250000001
199.266	0.04026	0.008333333333333333	0.008726646250000001
199.299	0.005891	0.008333333333333333	0.008726646250000001
199.332	-0.03048	0.008333333333333333	0.008726646250000001
199.366	-0.0626	0.008333333333333333	0.008726646250000001
199.399	-0.09224	0.008333333333333333	0.008726646250000001
199.433	-0.116	0.008333333333333333	0.008726646250000001
199.466	-0.134	0.008333333333333333	0.008726646250000001
199.499	-0.146	0.008333333333333333	0.008726646250000001
199.533	-0.149	0.008333333333333333	0.008726646250000001
199.566	-0.146	0.008333333333333333	0.008726646250000001
199.599	-0.135	0.008333333333333333	0.008726646250000001
199.633	-0.117	0.008333333333333333	0.008726646250000001
199.666	-0.0934	0.008333333333333333	0.008726646250000001
199.7	-0.06396	0.008333333333333333	0.008726646250000001
199.733	-0.03027	0.008333333333333333	0.008726646250000001
199.766	0.006029	0.008333333333333333	0.008726646250000001
199.8	0.04125	0.008333333333333333	0.008726646250000001
199.833	0.07622	0.008333333333333333	0.008726646250000001
199.866	0.108	0.008333333333333333	0.008726646250000001
199.9	0.134	0.008333333333333333	0.008726646250000001
199.933	0.156	0.008333333333333333	0.008726646250000001
199.966	0.169	0.008333333333333333	0.008726646250000001
200.0	0.176	0.008333333333333333	0.008726646250000001
200.033	0.177	0.008333333333333333	0.008726646250000001
200.067	0.167	0.008333333333333333	0.008726646250000001
200.1	0.151	0.008333333333333333	0.008726646250000001
200.133	0.13	0.008333333333333333	0.008726646250000001
200.167	0.09995	0.008333333333333333	0.008726646250000001
200.2	0.06814	0.008333333333333333	0.008726646250000001
200.233	0.0333	0.008333333333333333	0.008726646250000001
200.267	-0.003125	0.008333333333333333	0.008726646250000001
200.3	-0.03721	0.008333333333333333	0.008726646250000001
200.333	-0.06966	0.008333333333333333	0.008726646250000001
200.367	-0.09751	0.008333333333333333	0.008726646250000001
200.4	-0.12	0.008333333333333333	0.008726646250000001
200.434	-0.137	0.008333333333333333	0.008726646250000001
200.467	-0.146	0.008333333333333333	0.008726646250000001
200.5	-0.147	0.008333333333333333	0.008726646250000001
200.534	-0.143	0.008333333333333333	0.008726646250000001
200.567	-0.129	0.008333333333333333	0.008726646250000001
200.6	-0.11	0.008333333333333333	0.008726646250000001
200.634	-0.08411	0.008333333333333333	0.008726646250000001
200.667	-0.05669	0.008333333333333333	0.008726646250000001
200.701	-0.02175	0.008333333333333333	0.008726646250000001
200.734	0.01452	0.008333333333333333	0.008726646250000001
200.767	0.04929	0.008333333333333333	0.008726646250000001
200.801	0.08272	0.008333333333333333	0.008726646250000001
200.834	0.113	0.008333333333333333	0.008726646250000001
200.867	0.14	0.008333333333333333	0.008726646250000001
200.901	0.159	0.008333333333333333	0.008726646250000001
200.934	0.171	0.008333333333333333	0.008726646250000001
200.967	0.176	0.008333333333333333	0.008726646250000001
201.001	0.175	0.008333333333333333	0.008726646250000001
201.034	0.163	0.008333333333333333	0.008726646250000001
201.068	0.145	0.008333333333333333	0.008726646250000001
201.101	0.123	0.008333333333333333	0.008726646250000001
201.134	0.09225	0.008333333333333333	0.008726646250000001
201.168	0.06126	0.008333333333333333	0.008726646250000001
201.201	0.02534	0.008333333333333333	0.008726646250000001
201.234	-0.01147	0.008333333333333333	0.008726646250000001
201.268	-0.04598	0.008333333333333333	0.008726646250000001
201.301	-0.07469	0.008333333333333333	0.008726646250000001
201.334	-0.103	0.008333333333333333	0.008726646250000001
201.368	-0.123	0.008333333333333333	0.008726646250000001
201.401	-0.139	0.008333333333333333	0.008726646250000001
201.435	-0.148	0.008333333333333333	0.008726646250000001
201.468	-0.148	0.008333333333333333	0.008726646250000001
201.501	-0.139	0.008333333333333333	0.008726646250000001
201.535	-0.125	0.008333333333333333	0.008726646250000001
